Date,2222.SR,AAPL,AMZN,AVGO,BRK-B,GOOGL,JPM,LLY,MA,META,MSFT,NFLX,NVDA,ORCL,TCEHY,TSLA,TSM,V,WMT,XOM
2024-10-17,25.18145179748535,230.63497924804688,187.52999877929688,179.42355346679688,465.8500061035156,161.9945526123047,218.78086853027344,907.3104858398438,510.05889892578125,574.1613159179688,411.9019470214844,68.76499938964844,136.87571716308594,173.4912109375,52.27841567993164,220.88999938964844,201.8915252685547,287.20263671875,79.94593048095703,114.38082122802734
2024-10-18,,233.46636962890625,188.99000549316406,177.8026123046875,464.79998779296875,162.48171997070312,219.7069854736328,908.1514282226562,512.620361328125,573.7035522460938,413.3253173828125,76.38899993896484,137.94529724121094,172.51356506347656,54.558284759521484,220.6999969482422,196.9285888671875,287.43011474609375,80.36103057861328,114.05769348144531
2024-10-20,25.22808265686035,,,,,,,,,,,,,,,,,,,
2024-10-21,25.274717330932617,234.9367218017578,189.07000732421875,177.90147399902344,464.1600036621094,163.12802124023438,217.3965606689453,896.4380493164062,511.29986572265625,572.3998413085938,413.9381103515625,77.20700073242188,143.6530303955078,171.59515380859375,53.666160583496094,218.85000610351562,198.07614135742188,283.7015075683594,79.86686706542969,114.12421417236328
2024-10-22,25.18145179748535,234.32077026367188,189.6999969482422,177.29852294921875,461.45001220703125,164.19186401367188,218.4884033203125,899.4257202148438,509.32421875,579.2169189453125,422.56719970703125,76.42400360107422,143.5330810546875,173.12583923339844,54.062660217285156,217.97000122070312,194.67271423339844,281.66412353515625,81.06273651123047,114.71347045898438
2024-10-23,25.13481903076172,229.25404357910156,184.7100067138672,171.4966278076172,460.6099853515625,161.8454132080078,217.79627990722656,893.5888061523438,510.02911376953125,560.9849243164062,419.69085693359375,74.92900085449219,139.50466918945312,170.94338989257812,53.93379592895508,213.64999389648438,197.007080078125,280.6453857421875,82.29816436767578,114.3047866821289
2024-10-24,25.22808265686035,229.06532287597656,186.3800048828125,169.3616943359375,457.7699890136719,161.7857666015625,219.32681274414062,881.7864379882812,506.9415283203125,565.05517578125,419.8193359375,75.45500183105469,140.35433959960938,172.20742797851562,53.73554611206055,260.4800109863281,194.1332550048828,280.111328125,82.07084655761719,113.65851593017578
2024-10-25,,229.89981079101562,187.8300018310547,170.99256896972656,454.010009765625,164.3211212158203,216.72389221191406,883.1517333984375,503.7049865722656,570.4990844726562,423.1997985839844,75.46800231933594,141.48388671875,171.358154296875,53.57694625854492,269.19000244140625,199.53758239746094,278.6376953125,81.54703521728516,113.56349182128906
2024-10-27,25.22808265686035,,,,,,,,,,,,,,,,,,,
2024-10-28,25.18145179748535,231.8768310546875,188.38999938964844,170.02394104003906,458.489990234375,165.76280212402344,219.833740234375,886.0108642578125,504.54888916015625,575.3854370117188,421.6578063964844,74.91200256347656,140.4643096923828,170.27183532714844,53.606689453125,262.510009765625,190.9456024169922,281.0707092285156,81.78422546386719,113.00273132324219
2024-10-29,25.18145179748535,232.1450653076172,190.8300018310547,177.16015625,454.6199951171875,168.70579528808594,217.29905700683594,893.915283203125,502.6327819824219,590.4329223632812,426.9558410644531,75.94400024414062,141.19400024414062,171.26925659179688,53.14080047607422,259.5199890136719,193.1622314453125,278.7860107421875,80.74647521972656,111.46308898925781
2024-10-30,25.22808265686035,228.5983428955078,192.72999572753906,174.59033203125,454.9599914550781,173.45835876464844,218.77113342285156,837.7722778320312,509.9893493652344,588.9600219726562,427.5291442871094,75.3740005493164,139.28475952148438,172.38516235351562,52.437015533447266,257.54998779296875,190.74945068359375,286.97515869140625,80.44009399414062,110.90235900878906
2024-10-31,25.18145179748535,224.43569946289062,186.39999389648438,167.80003356933594,450.9200134277344,170.12759399414062,216.3437042236328,820.8650512695312,495.9909362792969,564.8562622070312,401.65185546875,75.60299682617188,132.70736694335938,165.7489013671875,51.7530517578125,249.85000610351562,186.88499450683594,286.6685485839844,80.99356079101562,110.98790740966797
2024-11-01,,221.45526123046875,197.92999267578125,166.95989990234375,452.1400146484375,170.3065643310547,217.33807373046875,810.1707153320312,504.4197692871094,564.4381713867188,405.6253662109375,75.61000061035156,135.34632873535156,167.90174865722656,53.13088607788086,248.97999572753906,189.24879455566406,287.5487976074219,81.23076629638672,109.24864959716797
2024-11-03,25.274717330932617,,,,,,,,,,,,,,,,,,,
2024-11-04,25.647775650024414,220.56112670898438,195.77999877929688,166.59420776367188,442.2900085449219,168.26834106445312,214.25747680664062,797.5175170898438,501.9377746582031,557.9894409179688,403.7374267578125,75.5510025024414,135.99607849121094,167.47711181640625,53.20027160644531,242.83999633789062,187.88543701171875,288.6465759277344,81.48772430419922,112.72712707519531
2024-11-05,25.694406509399414,221.9917449951172,199.5,171.88209533691406,445.05999755859375,168.7654571533203,215.9244842529297,797.4384155273438,501.9179382324219,569.6829833984375,406.7027282714844,76.39099884033203,139.8545379638672,169.6398162841797,54.4393310546875,251.44000244140625,192.0048828125,290.07080078125,82.70337677001953,113.05976867675781
2024-11-06,25.694406509399414,221.2665252685547,207.08999633789062,177.466552734375,468.8999938964844,175.49658203125,240.85198974609375,768.0758666992188,517.3757934570312,569.3047485351562,415.3218994140625,78.02100372314453,145.5522918701172,178.98196411132812,53.220096588134766,288.5299987792969,189.51361083984375,304.02593994140625,82.46617126464844,114.99858093261719
2024-11-07,26.114097595214844,225.99545288085938,210.0500030517578,181.6771240234375,460.1300048828125,179.71224975585938,230.4403533935547,788.9204711914062,514.1492309570312,588.8604736328125,420.51123046875,79.65399932861328,148.82098388671875,184.0480499267578,55.57926940917969,296.9100036621094,197.3307342529297,302.4434509277344,82.87137603759766,115.14115142822266
2024-11-08,,225.7269287109375,208.17999267578125,181.50909423828125,463.4100036621094,177.3260498046875,231.0252685546875,822.6458129882812,520.9796142578125,586.5118408203125,417.6546936035156,79.50399780273438,147.5714569091797,186.8921661376953,52.704647064208984,321.2200012207031,197.3405303955078,304.49078369140625,83.83995819091797,115.10313415527344
2024-11-10,26.160728454589844,,,,,,,,,,,,,,,,,,,
2024-11-11,26.160728454589844,223.01174926757812,206.83999633789062,176.833984375,467.3599853515625,179.31454467773438,233.2772216796875,823.5361938476562,526.3010864257812,580.3714599609375,413.1770324707031,80.54399871826172,145.20240783691406,186.77366638183594,52.0405158996582,350.0,190.32769775390625,307.50726318359375,83.22718048095703,114.49488067626953
2024-11-12,26.160728454589844,223.01174926757812,208.91000366210938,174.17520141601562,466.2900085449219,180.57725524902344,233.5404510498047,810.1014404296875,525.3578491210938,582.0134887695312,418.13897705078125,81.94999694824219,148.23118591308594,187.2180633544922,50.593292236328125,328.489990234375,188.09141540527344,307.0316162109375,83.99807739257812,114.38082122802734
2024-11-13,26.02083396911621,223.89691162109375,214.10000610351562,171.56582641601562,468.1000061035156,177.85299682617188,235.10023498535156,803.1267700195312,518.1204833984375,577.2166137695312,420.283935546875,83.0469970703125,146.21202087402344,187.26744079589844,49.69125747680664,330.239990234375,183.07945251464844,306.6650085449219,84.50212097167969,115.44527435302734
2024-11-14,26.114097595214844,226.98008728027344,211.47999572753906,168.40296936035156,467.70001220703125,174.57191467285156,235.79238891601562,777.8204345703125,516.651123046875,574.3902587890625,421.95440673828125,83.72599792480469,146.7018280029297,184.71958923339844,51.20786666870117,311.17999267578125,184.88412475585938,305.44622802734375,83.4841537475586,115.52193450927734
2024-11-15,,223.77757263183594,202.61000061035156,162.92724609375,470.2799987792969,171.4996795654297,239.14596557617188,739.4413452148438,518.1302490234375,551.4210815429688,410.2018127441406,82.39600372314453,141.9237060546875,181.4508056640625,51.19795608520508,320.7200012207031,182.44192504882812,306.8235778808594,83.26671600341797,114.32417297363281
2024-11-17,26.57102394104004,,,,,,,,,,,,,,,,,,,
2024-11-18,26.3812313079834,226.7811737060547,201.6999969482422,163.74761962890625,472.20001220703125,174.29354858398438,238.87298583984375,720.6134033203125,517.8721923828125,551.739501953125,410.95306396484375,84.70500183105469,140.09442138671875,183.416015625,51.7530517578125,338.739990234375,183.88372802734375,309.3206481933594,83.09870910644531,115.28237915039062
2024-11-19,26.523576736450195,227.03973388671875,204.61000061035156,163.43133544921875,468.8599853515625,177.0973358154297,236.98171997070312,723.120361328125,515.7178344726562,558.3973388671875,412.9595947265625,87.13200378417969,146.95172119140625,186.5465087890625,51.4061164855957,346.0,186.03172302246094,309.0134582519531,85.58929443359375,113.6725845336914
2024-11-20,26.57102394104004,227.75582885742188,202.8800048828125,161.35569763183594,468.8299865722656,174.96961975097656,234.72979736328125,746.5858764648438,508.8476867675781,562.80615234375,410.6861572265625,88.38500213623047,145.83216857910156,188.3734893798828,51.95130157470703,342.0299987792969,184.74684143066406,304.59405517578125,86.16252136230469,115.29196166992188
2024-11-21,26.523576736450195,227.2784423828125,198.3800048828125,162.03768920898438,472.05999755859375,166.66758728027344,238.6097869873047,743.1275634765625,511.38922119140625,560.3877563476562,408.9132995605469,89.74800109863281,146.6118621826172,190.0325469970703,51.743141174316406,339.6400146484375,187.5716094970703,307.0812072753906,87.3583984375,116.83467864990234
2024-11-22,,228.62110900878906,197.1199951171875,162.32432556152344,476.57000732421875,163.81405639648438,242.30455017089844,741.23486328125,517.1077270507812,556.4567260742188,413.0037841796875,89.77899932861328,141.8937225341797,189.894287109375,50.75189208984375,352.55999755859375,186.433837890625,307.10101318359375,89.38447570800781,116.7005386352539
2024-11-24,26.618471145629883,,,,,,,,,,,,,,,,,,,
2024-11-25,26.57102394104004,231.6048126220703,201.4499969482422,162.90748596191406,477.42999267578125,166.6874542236328,244.00083923339844,748.1615600585938,522.806396484375,562.3980712890625,414.7765808105469,86.55899810791016,135.96607971191406,185.6478729248047,50.23644256591797,338.5899963378906,181.52978515625,310.34124755859375,88.4554443359375,114.95658874511719
2024-11-26,26.096542358398438,233.7829132080078,207.86000061035156,162.8284149169922,478.55999755859375,168.1490020751953,243.68887329101562,782.1707153320312,524.6728515625,570.7875366210938,423.8883972167969,87.26000213623047,136.86573791503906,187.9982147216797,49.94898223876953,338.2300109863281,180.3135223388672,308.9837341308594,90.24432373046875,113.04016876220703
2024-11-27,26.049095153808594,233.65362548828125,205.74000549316406,157.81723022460938,483.0799865722656,168.25839233398438,243.51336669921875,781.051025390625,528.5447387695312,566.468505859375,418.9363098144531,87.73400115966797,135.2863311767578,180.42376708984375,51.01953125,332.8900146484375,177.71437072753906,311.8375549316406,90.80767059326172,112.74311828613281
2024-11-28,26.049095153808594,,,,,,,,,,,,,,,,,,,
2024-11-29,,236.04058837890625,207.88999938964844,160.1992950439453,483.0199890136719,167.97999572753906,243.44515991210938,788.1460571289062,529.1007690429688,571.5639038085938,419.4018249511719,88.68099975585938,138.19520568847656,182.537109375,51.14838790893555,345.1600036621094,181.11781311035156,312.2140197753906,91.42042541503906,113.03058624267578
2024-12-01,26.049095153808594,,,,,,,,,,,,,,,,,,,
2024-12-02,26.191438674926758,238.28829956054688,210.7100067138672,164.57785034179688,477.3299865722656,170.5054168701172,240.06236267089844,792.5557250976562,527.5321044921875,589.9850463867188,426.84979248046875,89.77400207519531,138.57504272460938,179.1498565673828,51.09882736206055,357.0899963378906,190.6709747314453,313.7698059082031,91.55879211425781,112.92517852783203
2024-12-03,26.286334991455078,241.3316650390625,213.44000244140625,166.19882202148438,470.19000244140625,170.3562774658203,238.66830444335938,805.9633178710938,522.389404296875,610.7052001953125,427.0676574707031,90.21700286865234,140.20440673828125,180.61138916015625,51.24751663208008,351.4200134277344,195.0748291015625,310.16290283203125,92.41865539550781,112.75270080566406
2024-12-04,26.47612953186035,241.68971252441406,218.16000366210938,168.5808563232422,468.32000732421875,173.36888122558594,237.28395080566406,822.3236694335938,517.3858032226562,610.8345336914062,433.22802734375,91.10600280761719,145.08245849609375,185.84536743164062,50.851016998291016,357.92999267578125,196.84033203125,307.0812072753906,93.34767150878906,109.50436401367188
2024-12-05,26.523576736450195,241.7195587158203,220.5500030517578,168.49192810058594,470.57000732421875,171.64881896972656,239.31170654296875,818.1419067382812,520.9895629882812,606.0077514648438,438.3782043457031,91.78700256347656,145.0124969482422,183.919677734375,51.66383743286133,369.489990234375,200.38107299804688,306.2686462402344,94.18775177001953,109.98347473144531
2024-12-06,,241.5206298828125,227.02999877929688,177.44677734375,470.5,173.7069091796875,241.14447021484375,819.2220458984375,524.76220703125,620.7765502929688,439.3191223144531,93.4739990234375,142.3933563232422,189.30177307128906,52.228851318359375,389.2200012207031,199.12564086914062,308.18109130859375,94.58308410644531,108.82403564453125
2024-12-08,26.523576736450195,,,,,,,,,,,,,,,,,,,
2024-12-09,26.855712890625,245.40939331054688,226.08999633789062,176.8636474609375,463.8699951171875,174.56295776367188,237.68365478515625,796.3015747070312,519.0535888671875,610.6256103515625,441.7456359863281,91.36900329589844,138.7645263671875,188.07720947265625,54.816009521484375,389.7900085449219,195.34947204589844,305.4957580566406,92.73490905761719,108.18203735351562
2024-12-10,27.18785285949707,246.4238739013672,225.0399932861328,169.8163604736328,462.489990234375,184.31785583496094,236.7575225830078,792.3377685546875,525.1990356445312,616.347900390625,439.08135986328125,91.33499908447266,135.0257568359375,175.5255584716797,52.58570098876953,400.989990234375,188.25819396972656,309.5386657714844,93.4465103149414,107.9616470336914
2024-12-11,27.09295654296875,245.15081787109375,230.25999450683594,181.07418823242188,461.3900146484375,194.50079345703125,237.4106903076172,788.8198852539062,530.5997924804688,629.643798828125,444.68719482421875,93.65599822998047,139.2643585205078,176.3551025390625,52.31806182861328,424.7699890136719,190.8671417236328,310.9358215332031,93.85172271728516,107.24298095703125
2024-12-12,26.998058319091797,246.61285400390625,228.97000122070312,178.5636749267578,458.6300048828125,191.07662963867188,235.4609375,775.2637939453125,528.5745239257812,627.7628784179688,445.2516784667969,92.55500030517578,137.29501342773438,173.13572692871094,52.52622604370117,418.1000061035156,188.38372802734375,311.3717956542969,92.99187469482422,107.14716339111328
2024-12-13,,246.7819061279297,227.4600067138672,222.1914825439453,457.8999938964844,188.9464874267578,233.910888671875,781.9725341796875,525.1891479492188,617.3728637695312,442.983642578125,91.88700103759766,134.20602416992188,171.22976684570312,52.17928695678711,436.2300109863281,197.7605743408203,311.8771667480469,93.35639190673828,106.20811462402344
2024-12-15,26.998058319091797,,,,,,,,,,,,,,,,,,,
2024-12-16,27.045507431030273,249.67608642578125,232.92999267578125,247.0990753173828,455.20001220703125,195.7550048828125,233.5599365234375,771.944091796875,526.4896240234375,621.7454223632812,447.26226806640625,92.10800170898438,131.95675659179688,169.09666442871094,51.346641540527344,463.0199890136719,198.97080993652344,313.0167541503906,93.97051239013672,103.93716430664062
2024-12-17,26.71337127685547,252.1028289794922,231.14999389648438,237.44244384765625,455.6600036621094,194.52069091796875,232.37059020996094,771.567626953125,527.1846313476562,616.9646606445312,450.104736328125,91.91300201416016,130.3472900390625,167.59561157226562,51.81252670288086,479.8599853515625,197.4358673095703,315.40478515625,94.51528930664062,103.49639129638672
2024-12-18,26.998058319091797,246.70233154296875,220.52000427246094,221.02517700195312,446.5899963378906,187.5330047607422,224.5813751220703,757.78369140625,516.2142333984375,594.8035278320312,433.1983337402344,88.95500183105469,128.86778259277344,163.3491973876953,51.069091796875,440.1300048828125,192.41781616210938,306.9622802734375,92.66303253173828,101.97282409667969
2024-12-19,27.519989013671875,248.43287658691406,223.2899932861328,215.78668212890625,449.3399963378906,187.64247131347656,227.10630798339844,750.6785278320312,519.51025390625,593.1900634765625,432.8417663574219,90.2040023803711,130.63717651367188,166.68707275390625,52.615440368652344,436.1700134277344,191.5126190185547,312.0158996582031,92.51445007324219,101.10086059570312
2024-12-20,,253.1073760986328,224.9199981689453,218.22801208496094,453.20001220703125,190.52914428710938,231.62969970703125,760.8060302734375,524.2261962890625,582.9112548828125,432.4158935546875,90.90499877929688,134.65586853027344,167.54624938964844,54.20143508911133,421.05999755859375,194.0413055419922,314.82012939453125,91.36544036865234,101.44581604003906
2024-12-22,26.998058319091797,,,,,,,,,,,,,,,,,,,
2024-12-23,27.045507431030273,253.88311767578125,225.05999755859375,230.2692108154297,454.3500061035156,193.73434448242188,232.3998565673828,789.0676879882812,525.1494140625,597.4529418945312,431.078857421875,91.1449966430664,139.62423706054688,167.03271484375,53.69589614868164,430.6000061035156,204.02821350097656,314.33465576171875,89.49336242675781,101.85784912109375
2024-12-24,26.808265686035156,256.7972106933594,229.0500030517578,237.5335693359375,458.6600036621094,195.20753479003906,236.2213592529297,788.4631958007812,531.8507690429688,605.3213500976562,435.1197204589844,93.21199798583984,140.174072265625,169.27444458007812,53.497650146484375,462.2799987792969,203.01478576660156,317.7334289550781,91.80127716064453,101.95366668701172
2024-12-25,26.66592025756836,,,,,,,,,,,,,,,,,,,
2024-12-26,26.57102394104004,257.61273193359375,227.0500030517578,243.16268920898438,459.0799865722656,194.69989013671875,237.03050231933594,786.9471435546875,532.28759765625,600.9389038085938,433.9114074707031,92.41400146484375,139.88417053222656,169.54104614257812,53.63642501831055,454.1300048828125,199.79730224609375,317.9910583496094,91.91023254394531,102.03990936279297
2024-12-27,,254.2013702392578,223.75,239.5850067138672,456.510009765625,191.8729248046875,235.1099853515625,776.0763549804688,528.3660888671875,597.4130249023438,426.404052734375,90.75499725341797,136.96510314941406,166.85496520996094,53.13088607788086,431.6600036621094,198.3903045654297,315.7615051269531,90.79095458984375,102.03031921386719
2024-12-29,26.428680419921875,,,,,,,,,,,,,,,,,,,
2024-12-30,26.47612953186035,250.82980346679688,221.3000030517578,233.4702911376953,452.1600036621094,190.3599395751953,233.30650329589844,766.8309326171875,521.763916015625,588.8772583007812,420.7586669921875,90.04299926757812,137.4449462890625,164.8305206298828,52.76412582397461,417.4100036621094,197.1702117919922,312.4419860839844,89.7112808227539,101.34041595458984
2024-12-31,26.618471145629883,249.05947875976562,219.38999938964844,229.76376342773438,453.2799987792969,188.42886352539062,233.68667602539062,765.0076293945312,522.7766723632812,583.170166015625,417.46063232421875,89.13200378417969,134.2460174560547,164.56385803222656,52.714561462402344,403.8399963378906,194.3168182373047,313.16534423828125,89.49336242675781,103.07476806640625
2025-01-01,26.618471145629883,,,,,,,,,,,,,,,,,,,
2025-01-02,26.618471145629883,242.52517700195312,220.22000122070312,229.9025115966797,451.1000061035156,188.5582733154297,233.96939086914062,771.0225830078125,518.6366577148438,596.8453369140625,414.5685729980469,88.6729965209961,138.26470947265625,163.96145629882812,52.744300842285156,379.2799987792969,198.34109497070312,311.5402526855469,89.14668273925781,102.82563018798828
2025-01-03,,242.03781127929688,224.19000244140625,230.46742248535156,453.55999755859375,190.9073944091797,237.16696166992188,774.897216796875,517.6040649414062,602.2138061523438,419.29290771484375,88.1050033569336,144.4226837158203,164.2478485107422,52.704647064208984,410.44000244140625,205.2581329345703,312.0456237792969,89.91929626464844,103.35264587402344
2025-01-05,26.618471145629883,,,,,,,,,,,,,,,,,,,
2025-01-06,26.523576736450195,243.66891479492188,227.61000061035156,234.29286193847656,451.4100036621094,195.9640350341797,236.0106964111328,758.1701049804688,508.2420654296875,627.6815795898438,423.749755859375,88.17900085449219,149.38104248046875,163.62570190429688,48.581058502197266,411.04998779296875,216.4749755859375,310.192626953125,90.56312561035156,103.23766326904297
2025-01-07,26.3812313079834,240.8940887451172,222.11000061035156,226.59242248535156,452.9200134277344,194.5903778076172,238.2840576171875,766.285888671875,507.71588134765625,615.4207763671875,418.3222961425781,87.91899871826172,140.09408569335938,160.01129150390625,47.68893814086914,394.3599853515625,208.02297973632812,308.8351135253906,89.94900512695312,104.20545959472656
2025-01-08,26.57102394104004,241.38140869140625,222.1300048828125,227.2564239501953,451.8399963378906,193.0574493408203,238.244873046875,780.0896606445312,512.6798706054688,608.2793579101562,420.4913024902344,87.5,140.06410217285156,161.10745239257812,47.252784729003906,394.94000244140625,203.7920684814453,309.7566833496094,90.92961883544922,102.46150970458984
2025-01-09,26.57102394104004,,,,,,,,,,,,,,,,,,,
2025-01-10,,235.5631866455078,218.94000244140625,222.3011932373047,442.6600036621094,191.15623474121094,235.05035400390625,792.6549072265625,501.7728576660156,613.3988647460938,414.9350280761719,83.76899719238281,135.86549377441406,152.9501190185547,46.430049896240234,394.739990234375,205.02197265625,304.9111328125,92.11824035644531,102.08782196044922
2025-01-12,26.57102394104004,,,,,,,,,,,,,,,,,,,
2025-01-13,26.618471145629883,233.12649536132812,218.4600067138672,223.27244567871094,443.9100036621094,190.1309814453125,239.30316162109375,790.2567138671875,502.0114440917969,605.8989868164062,413.1919250488281,84.02899932861328,133.18637084960938,152.37596130371094,46.53908920288086,403.30999755859375,198.1246337890625,304.1283264160156,90.66217803955078,104.72289276123047
2025-01-14,26.66592025756836,232.0125732421875,217.75999450683594,222.68771362304688,450.0299987792969,188.78721618652344,242.4976806640625,738.1629638671875,506.09783935546875,591.875244140625,411.6864929199219,82.83999633789062,131.71682739257812,154.74197387695312,47.27260971069336,396.3599853515625,198.2131805419922,306.278564453125,89.92919921875,105.13493347167969
2025-01-15,26.66592025756836,236.57763671875,223.35000610351562,225.95814514160156,458.510009765625,194.65011596679688,247.2796173095703,739.9763793945312,519.351318359375,614.6538696289062,422.2245178222656,84.82599639892578,136.1953887939453,156.72190856933594,48.42245864868164,428.2200012207031,203.47723388671875,313.4031677246094,90.47398376464844,106.85013580322266
2025-01-16,26.808265686035156,227.01986694335938,220.66000366210938,227.3555450439453,462.80999755859375,192.0222625732422,249.1610565185547,750.738037109375,520.1367797851562,608.8571166992188,420.5110778808594,84.23699951171875,133.5262451171875,157.93955993652344,48.34315872192383,413.82000732421875,211.3388214111328,314.3643493652344,90.43435668945312,106.6680679321289
2025-01-17,,228.73049926757812,225.94000244140625,235.31361389160156,467.95001220703125,195.09800720214844,253.95277404785156,719.1467895507812,521.6878662109375,610.3213500976562,424.91845703125,85.80999755859375,137.66490173339844,159.41461181640625,48.908172607421875,426.5,208.10169982910156,316.7127990722656,91.06829833984375,107.62627410888672
2025-01-19,26.71337127685547,,,,,,,,,,,,,,,,,,,
2025-01-20,26.71337127685547,,,,,,,,,,,,,,,,,,,
2025-01-21,26.57102394104004,221.43040466308594,230.7100067138672,238.1579132080078,468.57000732421875,197.13861083984375,257.7450256347656,735.6260986328125,525.028564453125,613.99658203125,424.3935546875,86.96800231933594,140.78387451171875,170.83885192871094,48.79913330078125,424.07000732421875,215.18601989746094,320.6863098144531,92.1974868774414,106.8117904663086
2025-01-22,26.57102394104004,222.61392211914062,235.00999450683594,238.7525634765625,460.510009765625,197.45712280273438,257.558837890625,747.1508178710938,524.1536254882812,621.0083618164062,441.9239196777344,95.39900207519531,147.0218505859375,182.37197875976562,48.8189582824707,415.1099853515625,219.61370849609375,320.6169738769531,92.3460693359375,104.95286560058594
2025-01-23,26.66592025756836,222.44485473632812,235.4199981689453,238.12818908691406,459.8299865722656,197.0689239501953,260.60638427734375,759.6564331054688,531.1531982421875,633.9066162109375,442.4290466308594,98.48600006103516,147.17178344726562,184.5994110107422,48.80904769897461,412.3800048828125,221.0109100341797,325.2246398925781,92.9205551147461,105.54695892333984
2025-01-24,,221.5696258544922,234.85000610351562,242.5085906982422,463.19000244140625,199.28868103027344,259.5186462402344,778.2960815429688,530.4273681640625,644.9025268554688,439.804443359375,97.75900268554688,142.5732879638672,181.75820922851562,49.90932846069336,406.5799865722656,218.31491088867188,327.196533203125,93.86155700683594,104.11921691894531
2025-01-26,26.618471145629883,,,,,,,,,,,,,,,,,,,
2025-01-27,26.523576736450195,228.61117553710938,235.4199981689453,200.31983947753906,474.70001220703125,190.9273223876953,260.5083923339844,800.8499755859375,544.49609375,657.2429809570312,430.3954772949219,97.18900299072266,118.38121032714844,156.6922149658203,50.662681579589844,397.1499938964844,189.2200469970703,331.4970703125,96.47652435302734,105.56612396240234
2025-01-28,26.523576736450195,236.9655303955078,238.14999389648438,205.50302124023438,469.9700012207031,194.4012451171875,261.7724609375,797.6987915039062,544.2177124023438,671.63525390625,442.9143371582031,97.18299865722656,128.94775390625,162.35482788085938,52.1396369934082,398.0899963378906,199.1479034423828,331.4376525878906,96.3675765991211,103.52513122558594
2025-01-29,26.333782196044922,238.0595703125,237.07000732421875,204.50205993652344,469.260009765625,194.51075744628906,261.22369384765625,796.7969970703125,545.6494750976562,673.78662109375,438.0910339355469,97.81500244140625,123.65947723388672,160.3946990966797,52.17928695678711,389.1000061035156,199.07907104492188,332.8249206542969,96.57557678222656,104.1288070678711
2025-01-30,26.3812313079834,236.29916381835938,234.63999938964844,213.7286834716797,472.3500061035156,199.9456329345703,262.8405456542969,815.7735595703125,562.7606811523438,684.2545776367188,411.01300048828125,97.3239974975586,124.60917663574219,168.6708526611328,53.9536247253418,400.2799987792969,204.80552673339844,339.9296569824219,97.71467590332031,104.99120330810547
2025-01-31,,234.71780395507812,237.67999267578125,219.28843688964844,468.6700134277344,203.08114624023438,261.9292297363281,803.7337036132812,552.241455078125,686.4259643554688,411.0823059082031,97.6760025024414,120.03067016601562,168.3540496826172,52.555965423583984,404.6000061035156,205.95672607421875,338.6910095214844,97.22932434082031,102.3656997680664
2025-02-02,26.333782196044922,,,,,,,,,,,,,,,,,,,
2025-02-03,26.286334991455078,226.77120971679688,237.4199981689453,215.78012084960938,464.6099853515625,200.303955078125,261.4490661621094,803.0894775390625,560.7125244140625,694.6728515625,406.9820556640625,97.89399719238281,116.62179565429688,166.90869140625,51.971126556396484,383.67999267578125,196.5896759033203,342.6744689941406,98.59622955322266,102.61483001708984
2025-02-04,26.286334991455078,231.5352020263672,242.05999755859375,220.4380340576172,467.489990234375,205.43028259277344,262.5563659667969,818.5878295898438,555.9002685546875,701.3759155273438,408.4180908203125,99.48699951171875,118.61113739013672,166.205810546875,53.97344970703125,392.2099914550781,200.7714080810547,342.0105895996094,99.81456756591797,105.36489868164062
2025-02-05,26.286334991455078,231.2069854736328,236.1699981689453,229.92234802246094,473.7300109863281,190.44952392578125,264.9963073730469,834.5518798828125,563.0390625,702.0531616210938,409.3293151855469,101.11100006103516,124.78910827636719,169.93797302246094,53.16062545776367,378.1700134277344,205.2187957763672,346.26153564453125,101.48854064941406,105.28824615478516
2025-02-06,26.238887786865234,231.95291137695312,238.8300018310547,229.2880859375,477.2200012207031,190.71829223632812,271.3363342285156,862.486572265625,563.9039916992188,709.144775390625,411.8350830078125,101.56800079345703,128.6378631591797,170.62106323242188,53.52738571166992,374.32000732421875,207.11776733398438,344.3193664550781,101.87484741210938,103.8988265991211
2025-02-07,,226.39328002929688,229.14999389648438,222.856201171875,472.739990234375,184.48707580566406,270.2584228515625,870.3546752929688,559.5194091796875,711.6646728515625,405.8232116699219,101.39299774169922,129.79747009277344,172.70989990234375,54.47898483276367,361.6199951171875,202.8081512451172,344.85443115234375,100.19097137451172,104.33961486816406
2025-02-09,26.238887786865234,,,,,,,,,,,,,,,,,,,
2025-02-10,26.333782196044922,226.66207885742188,233.13999938964844,232.9351043701172,470.1700134277344,185.6118927001953,265.5941162109375,861.010009765625,562.2437133789062,714.5331420898438,408.2695617675781,102.76000213623047,133.5262451171875,177.12515258789062,56.0055046081543,350.7300109863281,204.60873413085938,348.0352783203125,101.94418334960938,106.33269500732422
2025-02-11,26.333782196044922,231.61053466796875,232.75999450683594,232.9351043701172,472.6099853515625,184.46719360351562,269.4646911621094,857.1652221679688,561.458251953125,716.923583984375,407.4970397949219,100.80799865722656,132.7565155029297,175.4125213623047,54.84574890136719,328.5,205.3860626220703,348.11468505859375,101.49845123291016,107.0034408569336
2025-02-12,26.3812313079834,235.84210205078125,228.92999267578125,234.23338317871094,471.7300109863281,182.76504516601562,269.91546630859375,865.0630493164062,561.3587646484375,722.4812622070312,405.1200256347656,102.73100280761719,131.0970458984375,170.49237060546875,56.967018127441406,336.510009765625,203.06398010253906,348.8789367675781,102.62763977050781,103.78404998779297
2025-02-13,26.3812313079834,240.48187255859375,230.3699951171875,233.6883087158203,480.489990234375,185.28341674804688,270.7679748535156,863.963134765625,563.0589599609375,725.6486206054688,406.60565185546875,104.36900329589844,135.24566650390625,172.1159210205078,57.2743034362793,355.94000244140625,198.58706665039062,352.98822021484375,104.05399322509766,104.53813934326172
2025-02-14,,243.53855895996094,228.67999267578125,230.95303344726562,479.5899963378906,184.37759399414062,271.0325927734375,838.0648803710938,561.517822265625,733.7261962890625,404.515869140625,105.86000061035156,138.8045196533203,172.4129180908203,60.99148178100586,355.8399963378906,200.62380981445312,351.1817321777344,103.0535659790039,104.64449310302734
2025-02-16,26.3812313079834,,,,,,,,,,,,,,,,,,,
2025-02-17,26.238887786865234,,,,,,,,,,,,,,,,,,,
2025-02-18,26.191438674926758,243.4091339111328,226.64999389648438,226.48341369628906,482.82000732421875,182.92430114746094,274.3250732421875,850.8998413085938,565.3457641601562,713.5072631835938,405.7142639160156,103.58499908447266,139.35433959960938,177.99632263183594,63.88592529296875,354.1099853515625,199.48245239257812,354.0800476074219,102.79603576660156,106.48137664794922
2025-02-19,26.191438674926758,243.80735778808594,226.6300048828125,226.68162536621094,483.7699890136719,184.4174041748047,273.6391296386719,860.6774291992188,565.2364501953125,700.95751953125,410.79510498046875,104.33300018310547,139.18438720703125,179.69906616210938,62.71625518798828,360.55999755859375,197.72120666503906,352.5912170410156,103.01394653320312,106.63606262207031
2025-02-20,26.286334991455078,244.76321411132812,222.8800048828125,224.70944213867188,481.79998779296875,183.71067810058594,261.43927001953125,866.702880859375,560.0464477539062,692.0632934570312,412.9684753417969,102.4540023803711,140.06410217285156,174.23443603515625,64.62935638427734,354.3999938964844,196.88487243652344,347.8863830566406,96.28832244873047,108.27959442138672
2025-02-21,,244.48443603515625,216.5800018310547,216.70179748535156,478.739990234375,178.83323669433594,258.93072509765625,867.2587280273438,554.3095092773438,680.8184814453125,405.108642578125,100.31500244140625,134.38595581054688,166.12660217285156,66.12614440917969,337.79998779296875,195.0547637939453,345.9409484863281,93.88136291503906,107.01311492919922
2025-02-24,25.811853408813477,246.0277099609375,212.7100067138672,206.06788635253906,498.4200134277344,178.4251251220703,256.0889587402344,874.9219970703125,555.7909545898438,665.4600219726562,400.9306335449219,98.84700012207031,130.23733520507812,168.2550506591797,61.100521087646484,330.5299987792969,188.5706329345703,347.26104736328125,92.7818832397461,107.57383728027344
2025-02-25,26.001644134521484,245.9679718017578,212.8000030517578,200.7261505126953,499.82000732421875,174.61273193359375,252.22813415527344,895.1719970703125,560.7920532226562,654.8724975585938,394.876953125,97.7239990234375,126.58851623535156,166.84925842285156,61.82413101196289,302.79998779296875,186.32728576660156,349.4745178222656,96.76377868652344,106.08499908447266
2025-02-26,25.811853408813477,239.31695556640625,214.35000610351562,211.0330352783203,494.1000061035156,171.9351043701172,253.59024047851562,908.2850341796875,558.0479736328125,671.0078125,396.6930847167969,99.00599670410156,131.23699951171875,170.73985290527344,63.38039016723633,290.79998779296875,191.492919921875,348.0253601074219,95.28789520263672,105.82395935058594
2025-02-27,25.716957092285156,236.27024841308594,208.74000549316406,196.0286102294922,502.4100036621094,167.72457885742188,253.84495544433594,898.5072631835938,561.5775756835938,655.6094970703125,389.5477600097656,96.30699920654297,120.11064147949219,163.10720825195312,62.71625518798828,281.95001220703125,178.18031311035156,353.09735107421875,95.87230682373047,106.49105072021484
2025-02-28,,240.79054260253906,212.27999877929688,197.64401245117188,513.8300170898438,169.4963836669922,259.3324890136719,913.8637084960938,573.0015869140625,665.52978515625,393.9739074707031,98.05599975585938,124.87908172607422,164.3941650390625,61.07078170776367,292.9800109863281,177.6293182373047,360.015625,97.675048828125,107.63184356689453
2025-03-02,25.811853408813477,,,,,,,,,,,,,,,,,,,
2025-03-03,26.096542358398438,236.9970703125,205.02000427246094,185.69200134277344,510.0799865722656,166.24143981933594,255.38345336914062,922.88671875,571.6195678710938,652.4322509765625,385.5384521484375,97.37000274658203,114.02263641357422,160.3946990966797,60.5454216003418,284.6499938964844,170.1907958984375,359.1322326660156,96.66471862792969,104.18043518066406
2025-03-04,25.527162551879883,234.9061737060547,203.8000030517578,185.80104064941406,495.8599853515625,170.13345336914062,245.2218017578125,904.364013671875,551.883544921875,637.4423828125,385.6575012207031,97.25800323486328,115.9520034790039,155.8903350830078,62.84511947631836,272.0400085449219,177.10784912109375,349.61346435546875,94.06956481933594,103.96774291992188
2025-03-05,25.195024490356445,234.7169952392578,208.36000061035156,189.8643341064453,498.5,172.2238006591797,246.47608947753906,922.88671875,555.094970703125,653.8466186523438,397.9732666015625,99.09200286865234,117.2615737915039,159.93930053710938,66.95880126953125,279.1000061035156,181.31906127929688,350.06011962890625,95.06999206542969,101.9375
2025-03-06,24.910335540771484,234.30877685546875,200.6999969482422,177.8429412841797,497.8399963378906,171.556884765625,241.5863494873047,906.051513671875,546.6636352539062,625.420654296875,393.87469482421875,90.63600158691406,110.53378295898438,149.42584228515625,68.34654235839844,263.45001220703125,173.02450561523438,341.6033935546875,93.74269104003906,104.04508972167969
2025-03-07,,238.03256225585938,199.25,193.2140655517578,495.6199951171875,173.05990600585938,237.4119415283203,863.1888427734375,543.6311645507812,623.1597290039062,390.32183837890625,89.11100006103516,112.65309143066406,153.603515625,67.62293243408203,262.6700134277344,174.25442504882812,342.7547912597656,90.85037994384766,105.39856719970703
2025-03-09,25.289920806884766,,,,,,,,,,,,,,,,,,,
2025-03-10,24.957782745361328,226.4928436279297,194.5399932861328,182.7981719970703,497.1000061035156,165.2968292236328,227.5540771484375,823.6615600585938,534.0365600585938,595.6002807617188,377.2717590332031,86.66799926757812,106.94495391845703,147.29739379882812,64.8771743774414,222.14999389648438,167.90806579589844,338.9433288574219,86.98735809326172,108.08623504638672
2025-03-11,24.957782745361328,219.8816680908203,196.58999633789062,188.38766479492188,496.25,163.47315979003906,224.5359649658203,818.0033569335938,522.781494140625,603.2894897460938,377.5595397949219,89.51000213623047,108.72437286376953,142.733642578125,66.41361236572266,230.5800018310547,168.22293090820312,329.6727294921875,86.61095428466797,105.533935546875
2025-03-12,24.86288833618164,216.0384063720703,198.88999938964844,192.49058532714844,495.94000244140625,166.53256225585938,223.3208770751953,815.819580078125,521.628173828125,617.0841064453125,380.3581237792969,91.96800231933594,115.71273803710938,149.3763427734375,65.74947357177734,248.08999633789062,174.32330322265625,330.3675231933594,84.3921890258789,105.50492095947266
2025-03-13,24.625646591186523,208.77008056640625,193.88999938964844,189.64630126953125,504.25,162.19757080078125,220.6653289794922,795.7581176757812,516.8458251953125,588.2797241210938,375.89227294921875,89.01699829101562,115.55277252197266,146.17872619628906,65.73956298828125,240.67999267578125,168.8329620361328,326.1093444824219,83.69883728027344,105.0602035522461
2025-03-14,,212.5635528564453,197.9499969482422,193.78884887695312,514.5999755859375,164.91815185546875,227.7696533203125,807.5011596679688,524.6109619140625,605.7102661132812,385.6079406738281,91.80000305175781,121.6413345336914,147.77261352539062,67.45442199707031,249.97999572753906,171.2928009033203,329.335205078125,84.54076385498047,108.18290710449219
2025-03-16,24.720542907714844,,,,,,,,,,,,,,,,,,,
2025-03-17,24.625646591186523,213.07135009765625,195.74000549316406,192.75816345214844,523.010009765625,163.7222900390625,229.22972106933594,818.6982421875,528.9359741210938,603.0187377929688,385.7469177246094,95.00199890136719,119.50183868408203,152.4650421142578,69.17919158935547,238.00999450683594,173.4082489013672,332.0647888183594,86.63076782226562,109.98114013671875
2025-03-18,24.607574462890625,211.76702880859375,192.82000732421875,186.9803924560547,523.1400146484375,160.11480712890625,230.2488250732422,816.4647827148438,527.1463623046875,580.5487670898438,380.606201171875,92.99800109863281,115.40280151367188,147.95077514648438,68.8818130493164,225.30999755859375,171.01193237304688,332.28314208984375,84.77848815917969,109.8651123046875
2025-03-19,24.07889747619629,214.30596923828125,195.5399932861328,193.818603515625,525.27001953125,163.3236846923828,234.3056182861328,830.8582763671875,533.0125122070312,582.2435302734375,384.8735656738281,95.9489974975586,117.4923095703125,150.9207000732422,68.9809341430664,235.86000061035156,171.63421630859375,337.34527587890625,85.51148986816406,111.5763168334961
2025-03-20,24.07889747619629,213.17091369628906,194.9499969482422,189.405029296875,528.72998046875,162.23745727539062,234.20762634277344,836.3773803710938,533.30078125,584.1775512695312,383.9010314941406,95.08399963378906,118.50206756591797,151.18797302246094,65.5611343383789,236.25999450683594,175.298828125,336.97802734375,84.99640655517578,112.05004119873047
2025-03-21,,217.3228302001953,196.2100067138672,190.51837158203125,521.9099731445312,163.42335510253906,236.77499389648438,831.4141235351562,532.61474609375,594.3956298828125,388.2874450683594,96.02899932861328,117.6722640991211,150.70291137695312,65.14481353759766,248.7100067138672,174.56788635253906,333.16656494140625,85.398681640625,111.66332244873047
2025-03-23,24.799821853637695,,,,,,,,,,,,,,,,,,,
2025-03-24,24.944007873535156,219.7721405029297,203.25999450683594,190.11080932617188,525.8499755859375,167.1005859375,243.07582092285156,858.5433349609375,540.5489501953125,616.9252319335938,390.09356689453125,97.1989974975586,121.38140106201172,153.31640625,64.77804565429688,278.3900146484375,178.9436798095703,341.3155822753906,86.8984603881836,111.95335388183594
2025-03-25,25.088193893432617,222.77902221679688,205.7100067138672,187.13861083984375,528.8699951171875,169.9706268310547,246.08412170410156,846.08544921875,542.0303344726562,624.3621215820312,392.1578063964844,99.72799682617188,120.66156768798828,152.38583374023438,64.26260375976562,288.1400146484375,178.68685913085938,342.0599670410156,84.18692016601562,112.71711730957031
2025-03-26,25.61686897277832,220.5686798095703,201.1300048828125,178.20216369628906,533.2100219726562,164.4896240234375,245.9861297607422,820.68359375,545.9179077148438,609.0797729492188,387.0072326660156,97.06500244140625,113.73320007324219,146.3173370361328,64.38154602050781,272.05999755859375,171.3773956298828,341.6232604980469,84.63387298583984,114.34131622314453
2025-03-27,25.712993621826172,222.8786163330078,201.36000061035156,170.9655303955078,534.52001953125,161.67938232421875,243.1345977783203,815.6309204101562,554.369140625,600.7059326171875,387.612548828125,97.6719970703125,111.40375518798828,144.31761169433594,65.90807342529297,273.1300048828125,166.1817626953125,347.26104736328125,85.05104064941406,113.97393798828125
2025-03-28,,216.9544219970703,192.72000122070312,168.1126251220703,526.3099975585938,153.79672241210938,237.9705047607422,816.4647827148438,537.5064697265625,574.9462890625,375.922119140625,93.38500213623047,109.6441650390625,139.4568634033203,64.48067474365234,263.54998779296875,163.2283172607422,340.30316162109375,84.57427978515625,113.81925964355469
2025-03-31,,221.1660614013672,190.25999450683594,166.43267822265625,532.5800170898438,154.10565185546875,240.37127685546875,819.8397827148438,544.9734497070312,574.5674438476562,372.5379943847656,93.25299835205078,108.35446166992188,138.40750122070312,63.28126525878906,259.1600036621094,163.9691619873047,347.85662841796875,87.1964340209961,114.9793930053711
2025-04-01,,222.22145080566406,192.1699981689453,167.51620483398438,532.989990234375,156.52725219726562,238.76422119140625,799.3118286132812,545.3611450195312,584.1775512695312,379.2863464355469,92.83799743652344,110.1240463256836,140.51611328125,64.0147933959961,268.4599914550781,166.5768585205078,343.77716064453125,88.22940826416016,115.08573913574219
2025-04-02,,222.91842651367188,196.00999450683594,171.06494140625,537.719970703125,156.49734497070312,240.88082885742188,812.206298828125,544.2376708984375,582.114013671875,379.2367248535156,93.552001953125,110.39398193359375,144.3968048095703,63.459686279296875,282.760009765625,168.30545043945312,343.75732421875,89.15311431884766,114.72801971435547
2025-04-03,25.280437469482422,202.30825805664062,178.41000366210938,153.09262084960938,530.1599731445312,150.19918823242188,224.0950164794922,783.2904663085938,527.5042114257812,529.9666137695312,370.2752990722656,91.70500183105469,101.77601623535156,135.85337829589844,63.69758987426758,267.2799987792969,155.45462036132812,336.86883544921875,86.6700210571289,108.69530487060547
2025-04-04,,187.56253051757812,171.0,145.41860961914062,493.5400085449219,145.09689331054688,207.32412719726562,732.7843627929688,486.9583435058594,503.1602783203125,357.10614013671875,85.58599853515625,94.28778076171875,126.9832534790039,59.38566207885742,239.42999267578125,145.00405883789062,310.8039245605469,82.6275405883789,100.87403869628906
2025-04-06,23.953935623168945,,,,,,,,,,,,,,,,,,,
2025-04-07,24.271142959594727,180.6725616455078,175.25999450683594,153.2218475341797,490.3800048828125,146.24290466308594,211.42564392089844,718.4107666015625,482.7327575683594,514.6444091796875,355.14117431640625,86.78299713134766,97.61698913574219,125.88439178466797,54.78627014160156,233.2899932861328,144.3817596435547,309.99993896484375,83.2632064819336,99.52053833007812
2025-04-08,24.415328979492188,171.6717987060547,170.66000366210938,155.1005859375,492.6400146484375,144.19998168945312,213.82147216796875,720.90234375,477.1649475097656,508.86248779296875,351.8662414550781,87.04000091552734,96.27731323242188,123.2510757446289,53.51747512817383,221.86000061035156,139.64047241210938,305.97998046875,81.23700714111328,97.42262268066406
2025-04-09,24.367267608642578,197.98709106445312,191.10000610351562,184.047119140625,521.4099731445312,158.16159057617188,231.0458984375,748.1704711914062,513.2838745117188,583.9482421875,387.5232849121094,94.5469970703125,114.30306243896484,138.2886962890625,55.757694244384766,272.20001220703125,156.80784606933594,329.96051025390625,88.99419403076172,102.28553771972656
2025-04-10,24.367267608642578,189.5936737060547,181.22000122070312,171.27369689941406,515.8099975585938,152.29193115234375,223.9175262451172,715.6114501953125,497.2608947753906,544.5909423828125,378.45269775390625,92.11699676513672,107.5446548461914,132.4865264892578,55.569358825683594,252.39999389648438,149.28109741210938,322.1986389160156,89.99736785888672,96.61053466796875
2025-04-11,,197.29013061523438,184.8699951171875,180.85626220703125,524.1099853515625,156.5970001220703,232.8797607421875,727.0269775390625,507.6275329589844,541.8795166015625,385.498779296875,91.8290023803711,110.90386199951172,131.4929962158203,56.89762878417969,252.30999755859375,155.15829467773438,330.92333984375,92.17256164550781,99.71389770507812
2025-04-13,24.895944595336914,,,,,,,,,,,,,,,,,,,
2025-04-14,24.944007873535156,201.6411590576172,182.1199951171875,177.29757690429688,529.52001953125,158.52032470703125,231.42054748535156,748.8057250976562,510.3262939453125,529.8270263671875,384.8636169433594,93.12799835205078,110.68391418457031,133.76815795898438,58.53318786621094,252.35000610351562,153.93345642089844,332.69012451171875,94.08951568603516,99.95559692382812
2025-04-15,24.799821853637695,201.2628173828125,179.58999633789062,177.88406372070312,528.1699829101562,155.76988220214844,229.85293579101562,751.614990234375,515.2257690429688,519.8980712890625,382.7994384765625,97.62799835205078,112.1735610961914,133.0727081298828,58.27546310424805,254.11000061035156,155.40524291992188,333.3154296875,93.33465576171875,99.67523193359375
2025-04-16,24.655635833740234,193.4269561767578,174.3300018310547,173.56991577148438,516.4500122070312,152.8001708984375,226.3824005126953,729.4987182617188,511.2922058105469,500.747802734375,368.7867126464844,96.16300201416016,104.46538543701172,128.91973876953125,57.29412841796875,241.5500030517578,149.81448364257812,328.8686828613281,90.57345581054688,100.7290267944336
2025-04-17,24.655635833740234,196.12521362304688,172.61000061035156,169.97149658203125,518.2100219726562,150.63766479492188,228.69937133789062,833.7865600585938,515.1759643554688,499.92041015625,364.98583984375,97.3030014038086,101.4660873413086,127.78714752197266,57.49237823486328,241.3699951171875,149.8836212158203,327.1614990234375,92.58972930908203,103.36833190917969
2025-04-20,24.70370101928711,,,,,,,,,,,,,,,,,,,
2025-04-21,24.46339225769043,192.32177734375,167.32000732421875,165.21995544433594,506.9200134277344,147.15972900390625,225.77110290527344,812.0078125,507.1993408203125,483.1526794433594,356.3916320800781,98.79100036621094,96.88717651367188,122.02469635009766,57.512203216552734,227.5,146.05108642578125,317.72216796875,91.78520202636719,101.8504867553711
2025-04-22,24.607574462890625,198.87322998046875,173.17999267578125,168.56988525390625,520.7899780273438,150.94659423828125,232.27833557128906,821.4578247070312,525.1343383789062,498.72412109375,364.0330810546875,104.03399658203125,98.86670684814453,126.41607666015625,59.573997497558594,237.97000122070312,149.5477752685547,328.9382019042969,94.20870208740234,104.70249938964844
2025-04-23,24.751760482788086,203.71212768554688,180.60000610351562,175.85623168945312,526.8099975585938,154.81320190429688,237.4939727783203,823.323974609375,527.8031616210938,518.6519775390625,371.5456237792969,104.95899963378906,102.68580627441406,130.5491485595703,60.892356872558594,250.74000549316406,155.87936401367188,331.8861389160156,94.31795501708984,103.80339050292969
2025-04-24,24.799821853637695,207.46575927734375,186.5399932861328,187.02926635742188,531.6400146484375,158.72959899902344,241.20111083984375,853.4112548828125,533.23046875,531.491943359375,384.35748291015625,109.68699645996094,106.40491485595703,136.6195526123047,60.713932037353516,259.510009765625,162.17141723632812,333.2161865234375,95.19200134277344,105.02153778076172
2025-04-25,,208.371826171875,188.99000549316406,191.1644744873047,530.9600219726562,161.40036010742188,240.12644958496094,878.0388793945312,531.2587280273438,545.5679931640625,388.87298583984375,110.15299987792969,110.98385620117188,137.59323120117188,61.43754577636719,284.95001220703125,163.08018493652344,332.6802062988281,94.44706726074219,104.96353149414062
2025-04-27,24.799821853637695,,,,,,,,,,,,,,,,,,,
2025-04-28,24.751760482788086,209.22808837890625,187.6999969482422,191.32354736328125,530.9400024414062,160.05499267578125,239.8010711669922,870.8421630859375,532.2644653320312,548.0302734375,388.1882019042969,111.03800201416016,108.70438385009766,139.2325439453125,61.23929214477539,285.8800048828125,161.4009552001953,335.0028076171875,94.57620239257812,105.02153778076172
2025-04-29,24.655635833740234,210.29347229003906,187.38999938964844,190.03128051757812,534.5700073242188,159.60658264160156,241.181396484375,878.6940307617188,537.4329223632812,552.7156372070312,391.04632568359375,112.56400299072266,108.99431610107422,139.8783416748047,60.386817932128906,292.0299987792969,162.46775817871094,338.9830017089844,95.39065551757812,104.76050567626953
2025-04-30,24.367267608642578,211.57785034179688,184.4199981689453,191.32354736328125,533.25,158.2512664794922,241.181396484375,892.3429565429688,545.7780151367188,547.2925415039062,392.25701904296875,113.1719970703125,108.89433288574219,139.8087921142578,60.525596618652344,282.1600036621094,164.6507110595703,342.93341064453125,96.59247589111328,102.12118530273438
2025-05-01,24.22308349609375,212.39430236816406,190.1999969482422,196.15460205078125,530.22998046875,160.74264526367188,243.41949462890625,788.2636108398438,544.3539428710938,570.430419921875,422.1680603027344,113.34700012207031,111.58370208740234,144.54791259765625,60.82297134399414,280.5199890136719,170.60694885253906,339.9061279296875,96.75139617919922,102.26620483398438
2025-05-02,,204.45889282226562,189.97999572753906,202.427001953125,539.7999877929688,163.4632110595703,248.96047973632812,817.5665893554688,557.0608520507812,595.1632080078125,431.9729919433594,115.64900207519531,114.47303009033203,149.75396728515625,63.39030456542969,287.2099914550781,177.08670043945312,345.0178527832031,98.08233642578125,102.68192291259766
2025-05-04,23.973161697387695,,,,,,,,,,,,,,,,,,,
2025-05-05,23.934711456298828,198.02691650390625,186.35000610351562,199.5244140625,512.1500244140625,163.642578125,249.00979614257812,815.4224853515625,558.78369140625,597.40625,432.85626220703125,113.40599822998047,113.7931900024414,148.32330322265625,63.08301544189453,280.260009765625,174.24192810058594,346.0501403808594,98.65840911865234,99.83958435058594
2025-05-06,24.011608123779297,197.6485595703125,185.00999450683594,198.89813232421875,512.3300170898438,162.66595458984375,245.74630737304688,769.423095703125,556.6625366210938,585.4833984375,430.0179138183594,113.76899719238281,113.51325988769531,146.7435760498047,64.32207489013672,275.3500061035156,170.17233276367188,345.11712646484375,97.8836898803711,101.23175048828125
2025-05-07,23.877038955688477,195.3983612060547,188.7100067138672,203.5900421142578,518.219970703125,150.85693359375,245.8843536376953,771.0112915039062,563.9719848632812,594.953857421875,430.0576477050781,115.54100036621094,117.03242492675781,148.40277099609375,61.94308090209961,276.2200012207031,172.4046630859375,347.25115966796875,98.16178894042969,101.13507843017578
2025-05-08,23.877038955688477,196.63299560546875,192.0800018310547,206.53240966796875,513.25,153.74688720703125,249.906982421875,745.927001953125,564.7586059570312,596.1502075195312,434.8410339355469,114.44300079345703,117.34236145019531,149.32675170898438,63.82645034790039,284.82000732421875,173.07635498046875,348.6606140136719,96.7712631225586,102.54656982421875
2025-05-09,,197.66848754882812,193.05999755859375,206.9598388671875,513.739990234375,152.22218322753906,249.52247619628906,729.171142578125,566.2723388671875,590.6473388671875,435.3967590332031,114.02200317382812,116.62252044677734,149.3665008544922,62.726165771484375,298.260009765625,174.3604736328125,349.921142578125,96.29833221435547,103.74537658691406
2025-05-11,24.03083610534668,,,,,,,,,,,,,,,,,,,
2025-05-12,24.559513092041016,210.15048217773438,208.63999938964844,220.26014709472656,514.2999877929688,157.91246032714844,256.3945007324219,750.0167846679688,575.8622436523438,637.4412841796875,445.8467712402344,111.0,122.97103118896484,156.2019500732422,65.64043426513672,318.3800048828125,184.69248962402344,353.2065734863281,96.32819366455078,105.533935546875
2025-05-13,24.559513092041016,212.28399658203125,211.3699951171875,231.0355682373047,511.8800048828125,158.97874450683594,259.3128967285156,740.5767211914062,574.1892700195312,653.9896850585938,445.72772216796875,113.84400177001953,129.89938354492188,161.21925354003906,65.03577423095703,334.07000732421875,191.61672973632812,354.08148193359375,95.46198272705078,105.82395935058594
2025-05-14,25.088193893432617,211.68582153320312,210.25,230.7373504638672,503.3999938964844,164.79855346679688,261.90594482421875,710.3008422851562,570.8930053710938,657.309326171875,449.498779296875,115.0989990234375,135.30810546875,161.89483642578125,67.28590393066406,347.67999267578125,192.3773193359375,354.3996276855469,96.40784454345703,104.87651824951172
2025-05-15,25.136253356933594,210.80850219726562,205.1699981689453,231.25425720214844,507.3299865722656,163.39344787597656,263.72991943359375,727.9005126953125,579.77587890625,641.8775024414062,450.512939453125,117.7979965209961,134.79823303222656,158.36782836914062,65.58096313476562,342.82000732421875,191.8439178466797,360.20587158203125,95.92993927001953,105.94002532958984
2025-05-16,,210.61907958984375,205.58999633789062,227.24826049804688,514.3099975585938,165.61572265625,263.7989196777344,753.364501953125,580.8513793945312,638.3485107421875,451.6463317871094,119.15299987792969,135.36810302734375,159.45077514648438,64.89700317382812,349.9800109863281,191.8439178466797,363.0095520019531,97.81169128417969,105.55950164794922
2025-05-18,25.136253356933594,,,,,,,,,,,,,,,,,,,
2025-05-19,25.232376098632812,208.14659118652344,206.16000366210938,229.25624084472656,512.3900146484375,165.96450805664062,261.1566162109375,751.0965576171875,583.9683227539062,638.438232421875,456.2197570800781,119.16400146484375,135.53805541992188,158.60626220703125,65.98999786376953,342.0899963378906,191.13272094726562,365.77349853515625,97.69222259521484,103.8813247680664
2025-05-20,25.184316635131836,206.232421875,204.07000732421875,230.29998779296875,508.739990234375,163.41336059570312,261.9453430175781,743.0396118164062,578.6903686523438,635.1185913085938,455.5238342285156,119.2020034790039,134.34832763671875,159.2719268798828,66.4000015258789,343.82000732421875,191.0833282470703,364.71966552734375,97.37361907958984,102.39826965332031
2025-05-21,25.088193893432617,201.47689819335938,201.1199951171875,228.36160278320312,507.0299987792969,167.9775390625,257.3705749511719,721.0968627929688,567.1685791015625,633.5236206054688,449.9561767578125,119.46299743652344,131.76895141601562,156.16220092773438,66.19000244140625,334.6199951171875,189.41400146484375,356.2289733886719,96.00959014892578,101.1396484375
2025-05-22,24.485734939575195,200.74911499023438,203.10000610351562,229.15682983398438,503.57000732421875,170.27955627441406,257.00579833984375,711.3987426757812,567.7660522460938,634.5902099609375,452.23291015625,118.7969970703125,132.7987060546875,156.29135131835938,65.37000274658203,341.0400085449219,193.78981018066406,355.90093994140625,95.51177215576172,100.46641540527344
2025-05-23,,194.6775665283203,200.99000549316406,227.35760498046875,503.4599914550781,167.88784790039062,257.04522705078125,709.9166259765625,561.2333984375,625.1098022460938,447.5799560546875,118.53900146484375,131.25906372070312,154.9600372314453,65.76000213623047,339.3399963378906,189.6313018798828,351.4965515136719,95.91998291015625,100.52495574951172
2025-05-25,24.339696884155273,,,,,,,,,,,,,,,,,,,
2025-05-26,24.53441619873047,,,,,,,,,,,,,,,,,,,
2025-05-27,24.388376235961914,199.60260009765625,206.02000427246094,234.246337890625,509.1600036621094,172.30255126953125,261.56085205078125,721.365478515625,572.15771484375,640.3223266601562,458.0292663574219,121.15699768066406,135.4680633544922,160.86158752441406,65.27999877929688,362.8900146484375,195.26158142089844,357.2232360839844,97.15457916259766,101.00303649902344
2025-05-28,24.777812957763672,199.8119659423828,204.72000122070312,238.00381469726562,503.1099853515625,171.764404296875,259.7861328125,715.5665283203125,573.52197265625,641.5784301757812,454.7184753417969,120.8550033569336,134.7782440185547,162.7890167236328,63.849998474121094,356.8999938964844,193.74041748046875,357.6507568359375,96.81605529785156,99.62732696533203
2025-05-29,24.339696884155273,199.34336853027344,205.6999969482422,240.5286865234375,506.17999267578125,171.26614379882812,260.65374755859375,718.7295532226562,575.3743286132812,643.0437622070312,456.0308837890625,118.48600006103516,139.15721130371094,161.84515380859375,64.25,358.42999267578125,194.7380828857422,360.3053283691406,96.67667388916016,100.19322967529297
2025-05-30,,200.24066162109375,205.00999450683594,240.62808227539062,503.9599914550781,171.1465606689453,260.2889709472656,733.7492065429688,583.1616821289062,645.4762573242188,457.7011413574219,120.7229995727539,135.09817504882812,164.45814514160156,62.779998779296875,346.4599914550781,190.95494079589844,363.07916259765625,98.28961181640625,99.81271362304688
2025-06-01,24.16444969177246,,,,,,,,,,,,,,,,,,,
2025-06-02,24.339696884155273,201.08807373046875,206.64999389648438,247.22853088378906,502.80999755859375,168.44593811035156,260.939697265625,743.1489868164062,578.7999267578125,668.8134765625,459.3018493652344,121.89800262451172,137.34764099121094,165.4914093017578,64.19999694824219,342.69000244140625,192.45631408691406,363.2084655761719,99.33502197265625,100.54447174072266
2025-06-03,24.16444969177246,202.6533203125,205.7100067138672,255.320068359375,497.8299865722656,165.6057586669922,262.52703857421875,746.7896118164062,579.5468139648438,664.7760620117188,460.2961120605469,121.79399871826172,141.1867218017578,168.0447540283203,64.26000213623047,344.2699890136719,195.19244384765625,363.74530029296875,99.54411315917969,101.27623748779297
2025-06-04,24.14497947692871,202.20468139648438,207.22999572753906,259.52484130859375,491.0,167.4693145751953,260.5058898925781,761.7695922851562,581.6978759765625,685.8104858398438,461.19091796875,123.96600341796875,141.88656616210938,167.01150512695312,65.7300033569336,332.04998779296875,199.923828125,365.8729553222656,98.91685485839844,99.81271362304688
2025-06-05,,200.0213165283203,207.91000366210938,258.3817138671875,488.739990234375,167.62875366210938,258.267822265625,761.6103515625,583.00244140625,682.4907836914062,464.9788818359375,125.052001953125,139.95703125,170.03179931640625,65.76000213623047,284.70001220703125,200.8523406982422,364.6500549316406,97.53292083740234,99.35413360595703
2025-06-06,,203.30133056640625,213.57000732421875,245.45913696289062,493.5299987792969,173.07984924316406,261.9946594238281,765.7880859375,587.662841796875,695.5401000976562,467.6632995605469,124.14700317382812,141.6865997314453,172.89315795898438,66.0199966430664,295.1400146484375,202.66983032226562,368.08013916015625,97.04505920410156,101.73480987548828
2025-06-09,,200.8388214111328,216.97999572753906,242.82493591308594,493.3299865722656,175.69395446777344,262.9904479980469,769.5977783203125,581.8970336914062,691.9014892578125,470.0196228027344,122.44599914550781,142.59640502929688,176.00289916992188,66.12999725341797,308.5799865722656,204.4675750732422,364.54071044921875,97.02513885498047,102.41779327392578
2025-06-10,,202.0551300048828,217.61000061035156,243.1728515625,491.1300048828125,178.19833374023438,264.8243103027344,802.8997802734375,587.0852661132812,700.2155151367188,468.2001647949219,120.36199951171875,143.92608642578125,176.33074951171875,65.7300033569336,326.0899963378906,209.8607635498047,368.5573425292969,96.89570617675781,104.61308288574219
2025-06-11,24.261810302734375,198.1769256591797,213.1999969482422,251.40353393554688,488.1400146484375,176.9511260986328,264.380615234375,804.312255859375,588.2803344726562,691.981201171875,469.890380859375,121.98799896240234,142.80625915527344,175.23788452148438,65.66999816894531,326.42999267578125,211.480712890625,371.1522521972656,95.38233947753906,106.65226745605469
2025-06-12,24.30075454711914,198.5956573486328,213.24000549316406,254.54470825195312,490.3399963378906,175.30484008789062,264.4693298339844,807.714111328125,586.8264770507812,691.2035522460938,476.104248046875,121.50299835205078,144.9759063720703,198.5658416748047,65.6500015258789,319.1099853515625,213.572509765625,369.2532958984375,94.41656494140625,107.06206512451172
2025-06-13,,195.85400390625,212.10000610351562,247.21861267089844,487.5400085449219,174.27716064453125,261.22564697265625,815.0050659179688,559.6898193359375,680.7462158203125,472.21685791015625,121.21499633789062,141.9464111328125,213.82638549804688,64.80999755859375,325.30999755859375,209.27984619140625,350.81048583984375,94.02826690673828,109.3939437866211
2025-06-15,24.7291316986084,,,,,,,,,,,,,,,,,,,
2025-06-16,24.631772994995117,197.81802368164062,216.10000610351562,250.5983428955078,490.2300109863281,176.3724365234375,266.5595397949219,803.2877807617188,566.3021850585938,700.4749145507812,476.3727111816406,122.53500366210938,144.66595458984375,209.73304748535156,64.87999725341797,329.1300048828125,213.82034301757812,353.4253234863281,93.87892150878906,109.74520111083984
2025-06-17,24.32022476196289,195.0464630126953,214.82000732421875,247.88461303710938,483.4800109863281,175.5542755126953,265.73138427734375,787.0344848632812,567.0789794921875,695.5963745117188,475.279052734375,122.06700134277344,144.09603881835938,206.8319549560547,65.12000274658203,316.3500061035156,212.05569458007812,355.77166748046875,93.83909606933594,111.22824096679688
2025-06-18,24.242338180541992,195.9835968017578,212.52000427246094,249.76333618164062,485.1400146484375,172.93020629882812,270.1089782714844,780.8576049804688,536.4868774414062,694.1398315429688,477.4663391113281,122.22899627685547,145.455810546875,209.50453186035156,64.62000274658203,322.04998779296875,211.65914916992188,338.41259765625,94.67542266845703,110.43793487548828
2025-06-19,24.16444969177246,,,,,,,,,,,,,,,,,,,
2025-06-20,,200.3902130126953,209.69000244140625,249.0858154296875,484.8500061035156,166.2652130126953,271.13433837890625,758.6760864257812,530.7507934570312,680.7511596679688,474.64276123046875,123.14099884033203,143.8260955810547,203.84144592285156,64.0,322.1600036621094,207.70355224609375,336.6130676269531,95.70094299316406,111.91121673583984
2025-06-22,24.16444969177246,,,,,,,,,,,,,,,,,,,
2025-06-23,24.086565017700195,200.888671875,208.47000122070312,252.85214233398438,487.7699890136719,164.81846618652344,274.3583679199219,766.5440673828125,540.0917358398438,696.8933715820312,483.19305419921875,125.35399627685547,144.1460418701172,205.6993408203125,64.48999786376953,348.67999267578125,208.50657653808594,341.76312255859375,97.44331359863281,109.02317810058594
2025-06-24,23.69713020324707,199.6923065185547,212.77000427246094,262.81597900390625,493.4800109863281,166.3949432373047,277.3063659667969,773.9445190429688,555.2086181640625,710.5313110351562,487.279296875,127.91100311279297,147.87539672851562,213.87606811523438,65.76000213623047,340.4700012207031,218.19232177734375,349.5975341796875,97.57274627685547,105.70584106445312
2025-06-25,23.502410888671875,200.948486328125,211.99000549316406,263.69281005859375,486.2099914550781,170.29612731933594,280.0669860839844,788.0888671875,547.4112548828125,707.0194702148438,489.4268493652344,127.5250015258789,154.28436279296875,209.3555145263672,65.05999755859375,327.54998779296875,220.81948852539062,343.2643737792969,96.83597564697266,105.7351303100586
2025-06-26,23.658185958862305,200.3902130126953,217.1199951171875,269.1928405761719,485.04998779296875,173.1497039794922,284.6910705566406,790.8939208984375,543.5374145507812,724.3887329101562,494.57696533203125,130.66700744628906,154.99423217773438,211.44192504882812,65.19999694824219,325.7799987792969,222.07852172851562,344.0299377441406,95.60137176513672,107.31573486328125
2025-06-27,,200.469970703125,223.3000030517578,268.3758239746094,485.67999267578125,178.12847900390625,283.0740966796875,771.3285522460938,548.0286254882812,731.9111328125,493.0756530761719,132.31199645996094,157.72378540039062,208.87863159179688,65.01000213623047,323.6300048828125,226.59922790527344,346.5950012207031,96.8459243774414,106.72056579589844
2025-06-29,23.658185958862305,,,,,,,,,,,,,,,,,,,
2025-06-30,23.677656173706055,204.5475311279297,219.38999938964844,274.6529846191406,485.7699890136719,175.83364868164062,285.8347473144531,775.3868408203125,559.6002197265625,736.3606567382812,494.53717041015625,133.91299438476562,157.96376037597656,217.21429443359375,64.5,317.6600036621094,224.53717041015625,352.997802734375,97.35370635986328,105.17898559570312
2025-07-01,23.716602325439453,207.18951416015625,220.4600067138672,263.7824401855469,489.6099853515625,175.44451904296875,286.3277282714844,771.7760620117188,562.2590942382812,717.5348510742188,489.2081298828125,129.36000061035156,153.2745361328125,217.5421600341797,64.5,300.7099914550781,222.7427520751953,353.4153747558594,97.81169128417969,106.58396911621094
2025-07-02,23.901582717895508,211.7954864501953,219.9199981689453,268.9237976074219,480.4800109863281,178.2382354736328,287.8954162597656,775.13818359375,559.1820068359375,711.8980712890625,488.253662109375,128.48599243164062,157.22386169433594,228.4907989501953,63.790000915527344,315.6499938964844,231.58584594726562,352.172607421875,97.1844482421875,108.34996795654297
2025-07-03,24.12550926208496,212.90211486816406,223.41000366210938,274.1846923828125,485.0,179.12623596191406,293.2451171875,776.5206909179688,566.8698120117188,717.3253784179688,495.95892333984375,129.71800231933594,159.3135223388672,235.7832794189453,63.56999969482422,315.3500061035156,232.77549743652344,356.7857666015625,97.9311752319336,109.47200012207031
2025-07-06,24.213130950927734,,,,,,,,,,,,,,,,,,,
2025-07-07,24.417583465576172,209.31304931640625,223.47000122070312,273.18829345703125,478.0299987792969,176.3923797607422,289.25262451171875,768.76220703125,562.7669677734375,716.6668701171875,494.8454284667969,128.96200561523438,158.21371459960938,230.7560272216797,63.83000183105469,293.94000244140625,227.19403076171875,354.5786437988281,98.91685485839844,108.40850067138672
2025-07-08,24.437057495117188,209.3728485107422,219.36000061035156,270.8169250488281,477.4700012207031,173.9678497314453,280.1481628417969,773.5267333984375,560.0980834960938,718.9814453125,493.75177001953125,127.53099822998047,159.97341918945312,232.98153686523438,63.97999954223633,297.80999755859375,225.8953399658203,352.50067138671875,96.66670989990234,111.41361999511719
2025-07-09,24.22286605834961,210.4994354248047,222.5399932861328,276.8948669433594,478.9100036621094,176.2227783203125,280.5246276855469,782.7374877929688,563.5184936523438,731.0631103515625,500.60198974609375,128.8280029296875,162.85293579101562,234.28305053710938,63.470001220703125,295.8800048828125,229.8410186767578,355.692138671875,96.38793182373047,111.0331039428711
2025-07-10,24.37864112854004,211.7655792236328,222.25999450683594,274.4039001464844,478.2699890136719,177.22052001953125,285.5078430175781,786.44775390625,561.9329833984375,725.5360107421875,498.58367919921875,125.05899810791016,164.07273864746094,233.9744110107422,63.189998626708984,309.8699951171875,227.77894592285156,353.822998046875,94.4464340209961,112.13562774658203
2025-07-11,,210.51937866210938,225.02000427246094,273.3876037597656,475.8599853515625,179.7847442626953,284.1901550292969,788.795166015625,548.6304931640625,715.8289184570312,500.4130859375,124.51100158691406,164.89259338378906,229.5537872314453,63.119998931884766,313.510009765625,228.41342163085938,345.9189453125,93.98844146728516,112.62347412109375
2025-07-13,24.30075454711914,,,,,,,,,,,,,,,,,,,
2025-07-14,24.20339584350586,207.987060546875,225.69000244140625,274.6031799316406,476.30999755859375,181.1516571044922,286.0130920410156,795.091552734375,551.4625244140625,719.2308349609375,500.1147766113281,126.19499969482422,164.04273986816406,228.2793731689453,63.65999984741211,316.8999938964844,226.69834899902344,348.4740905761719,95.3624267578125,111.15018463134766
2025-07-15,23.95026206970215,208.4755859375,226.35000610351562,279.9238586425781,470.1300048828125,181.59066772460938,283.8830871582031,767.6481323242188,548.8099975585938,708.7255249023438,502.89862060546875,126.0270004272461,170.671630859375,233.93460083007812,66.0,310.7799987792969,234.90696716308594,345.0141906738281,94.97412109375,110.16474914550781
2025-07-16,23.775014877319336,209.52239990234375,223.19000244140625,279.7943420410156,471.30999755859375,182.55848693847656,283.1598815917969,785.6021728515625,553.9555053710938,701.2630004882812,502.69976806640625,125.03099822998047,171.34152221679688,240.24691772460938,66.26000213623047,321.6700134277344,235.51170349121094,347.8775634765625,94.73516845703125,109.50127410888672
2025-07-17,23.775014877319336,209.38282775878906,223.8800048828125,285.4139404296875,473.3999938964844,183.1671142578125,287.201904296875,757.45263671875,554.0452270507812,699.7665405273438,508.7446594238281,127.41699981689453,172.97125244140625,247.66439819335938,66.2699966430664,319.4100036621094,243.48239135742188,347.7880859375,94.67542266845703,108.94512939453125
2025-07-18,,210.539306640625,226.1300048828125,282.315185546875,473.79998779296875,184.64378356933594,288.55914306640625,767.6083984375,551.103515625,702.6298828125,507.1041564941406,120.92400360107422,172.38136291503906,244.37879943847656,66.02999877929688,329.6499938964844,238.32720947265625,347.032470703125,94.63561248779297,105.14971160888672
2025-07-20,23.47320556640625,,,,,,,,,,,,,,,,,,,
2025-07-21,23.463468551635742,211.83535766601562,229.3000030517578,287.1675720214844,474.4100036621094,189.67245483398438,288.261962890625,758.1290283203125,553.0879516601562,711.2994384765625,507.1141357421875,123.3270034790039,171.35153198242188,242.47714233398438,66.63999938964844,328.489990234375,236.79058837890625,348.91156005859375,95.25289916992188,105.42290496826172
2025-07-22,23.356372833251953,213.74952697753906,227.47000122070312,277.5823669433594,478.1300048828125,190.90966796875,288.7176513671875,772.313232421875,557.1864013671875,703.1586303710938,502.35174560546875,119.00800323486328,167.00225830078125,237.07083129882812,67.69000244140625,332.1099853515625,232.5772247314453,349.8262023925781,95.43211364746094,105.90098571777344
2025-07-23,23.5705623626709,213.5002899169922,228.2899932861328,282.6639099121094,482.6300048828125,189.8021697998047,293.9980773925781,794.6439208984375,560.5070190429688,711.9080810546875,502.94830322265625,117.6780014038086,170.75161743164062,240.84429931640625,70.3499984741211,332.55999755859375,238.25782775878906,353.2364196777344,95.26285552978516,107.25718688964844
2025-07-24,23.39531707763672,213.11148071289062,232.22999572753906,287.665771484375,480.6000061035156,191.73777770996094,293.78997802734375,801.1491088867188,561.9130249023438,713.125244140625,507.9294128417969,118.07599639892578,173.7111358642578,241.77023315429688,70.4000015258789,305.29998779296875,239.51687622070312,351.9240417480469,96.17884826660156,108.0962905883789
2025-07-25,,213.23110961914062,231.44000244140625,289.13043212890625,484.07000732421875,192.74551391601562,295.8407287597656,808.3705444335938,566.6196899414062,711.0101318359375,510.7430419921875,118.04900360107422,173.47117614746094,244.05023193359375,70.18000030517578,316.05999755859375,243.48239135742188,354.976318359375,97.04505920410156,107.71576690673828
2025-07-27,23.47320556640625,,,,,,,,,,,,,,,,,,,
2025-07-28,23.52188491821289,213.40061950683594,232.7899932861328,293.23553466796875,481.70001220703125,192.14688110351562,295.50390625,803.8148803710938,566.6795654296875,715.9485473632812,509.5400390625,117.45999908447266,176.7206268310547,246.62893676757812,70.0999984741211,325.5899963378906,240.65695190429688,353.4153747558594,97.1844482421875,108.73047637939453
2025-07-29,23.531618118286133,210.62904357910156,231.00999450683594,296.3442687988281,476.55999755859375,195.30975341796875,294.2754821777344,758.8949584960938,561.7335205078125,698.35986328125,509.609619140625,116.8740005493164,175.4808349609375,248.88902282714844,70.12999725341797,321.20001220703125,239.2491912841797,349.259521484375,97.90130615234375,110.13546752929688
2025-07-30,23.599769592285156,208.41578674316406,230.19000244140625,301.52545166015625,476.0,196.08799743652344,296.8413391113281,756.0402221679688,557.5353393554688,693.5811157226562,510.2757873535156,118.41999816894531,179.24021911621094,249.50633239746094,69.44000244140625,319.0400085449219,240.81558227539062,348.8817443847656,97.1645278930664,109.17930603027344
2025-07-31,23.658185958862305,206.9402618408203,234.11000061035156,292.6377258300781,471.8800048828125,191.46839904785156,293.4828796386719,736.1365356445312,564.8745727539062,771.6278076171875,530.4187622070312,115.94000244140625,177.84043884277344,252.66249084472656,70.06999969482422,308.2699890136719,239.53668212890625,343.47314453125,97.5528335571289,108.92561340332031
2025-08-01,,201.76600646972656,214.75,287.5960388183594,472.8399963378906,188.70465087890625,286.6768493652344,758.2782592773438,558.313232421875,748.2527465820312,521.0829467773438,115.86000061035156,173.69113159179688,243.35330200195312,67.91000366210938,302.6300048828125,233.1819610595703,337.3885498046875,98.06060791015625,106.9742431640625
2025-08-03,23.36610984802246,,,,,,,,,,,,,,,,,,,
2025-08-04,23.278488159179688,202.7330780029297,211.64999389648438,296.6431884765625,459.1099853515625,194.60133361816406,291.5213317871094,764.9127807617188,568.2052001953125,774.5509643554688,532.54638671875,117.0989990234375,179.9700927734375,251.4279022216797,70.20999908447266,309.260009765625,236.9392852783203,340.1723327636719,99.15580749511719,104.75944519042969
2025-08-05,23.482940673828125,202.3043670654297,213.75,291.8705139160156,464.19000244140625,194.23216247558594,288.658203125,761.8789672851562,564.4458618164062,761.6712036132812,524.7019653320312,114.78700256347656,178.23037719726562,254.55419921875,71.51000213623047,308.7200012207031,230.46559143066406,335.4796142578125,98.87703704833984,104.63259887695312
2025-08-06,23.687393188476562,212.60302734375,222.30999755859375,300.57891845703125,468.9100036621094,195.64898681640625,288.638427734375,742.4030151367188,567.5271606445312,770.18115234375,521.908203125,117.8479995727539,179.3901824951172,255.3108673095703,73.27999877929688,319.9100036621094,229.37506103515625,337.7762756347656,102.90937805175781,103.92034912109375
2025-08-07,23.69713020324707,219.36245727539062,223.1300048828125,302.6613464355469,461.4700012207031,196.07801818847656,284.26947021484375,637.4537963867188,559.639404296875,760.0449829101562,517.8319091796875,118.03700256347656,180.73997497558594,248.30160522460938,71.94999694824219,322.2699890136719,240.52806091308594,330.1705017089844,102.67042541503906,103.37396240234375
2025-08-08,,228.6541748046875,222.69000244140625,303.8669738769531,465.3999938964844,200.96697998046875,286.072509765625,622.32470703125,572.7025756835938,767.4974975585938,519.02490234375,121.16400146484375,182.6696319580078,248.958740234375,71.68000030517578,329.6499938964844,239.744873046875,334.8333740234375,103.27777099609375,104.20330047607422
2025-08-10,23.502410888671875,,,,,,,,,,,,,,,,,,,
2025-08-11,23.4147891998291,226.747802734375,221.3000030517578,302.80084228515625,464.7300109863281,200.54794311523438,286.86505126953125,631.84375,571.9746704101562,764.0755615234375,518.7564697265625,121.83100128173828,182.0297393798828,251.57723999023438,71.16000366210938,339.0299987792969,240.0026397705078,333.9584655761719,103.47689819335938,103.25688171386719
2025-08-12,23.4147891998291,229.21310424804688,221.47000122070312,311.6985168457031,470.3900146484375,202.88267517089844,290.12445068359375,636.0314331054688,572.5629272460938,788.1489868164062,526.183349609375,122.52799987792969,183.1295623779297,252.75210571289062,71.7699966430664,340.8399963378906,242.18365478515625,335.3827209472656,103.16824340820312,103.5495834350586
2025-08-13,23.4147891998291,232.88612365722656,224.55999755859375,307.9720764160156,477.30999755859375,201.5057830810547,287.8260498046875,656.9794921875,576.2724609375,778.2523193359375,517.5734252929688,120.44400024414062,181.55982971191406,243.1143341064453,77.08000183105469,339.3800048828125,239.35824584960938,341.1693115234375,100.5497055053711,104.98384094238281
2025-08-14,23.424524307250977,232.337158203125,230.97999572753906,310.1043395996094,479.2200012207031,202.4835662841797,291.4222412109375,680.792236328125,582.115966796875,780.2974243164062,519.46240234375,123.05599975585938,181.98974609375,243.8909454345703,74.79000091552734,335.5799865722656,238.9220428466797,344.0974426269531,100.41031646728516,104.7691879272461
2025-08-15,,231.1494140625,231.02999877929688,305.23199462890625,477.20001220703125,203.44140625,287.7864074707031,699.0349731445312,580.061767578125,783.3901977539062,517.1657104492188,123.8949966430664,180.42001342773438,247.19644165039062,75.61000061035156,330.55999755859375,236.82032775878906,343.0815734863281,99.79656982421875,104.86766815185547
2025-08-17,23.52188491821289,,,,,,,,,,,,,,,,,,,
2025-08-18,23.492673873901367,230.4507598876953,231.49000549316406,304.65411376953125,478.5199890136719,203.0423126220703,288.8167419433594,695.8648681640625,582.4949340820312,765.572021484375,514.1134643554688,124.50900268554688,181.97975158691406,247.98301696777344,75.0199966430664,335.1600036621094,239.3284912109375,341.3585205078125,100.4951400756836,105.09416961669922
2025-08-19,23.4147891998291,230.1213836669922,228.00999450683594,293.8433532714844,485.30999755859375,201.11666870117188,287.954833984375,701.0087890625,583.8610229492188,749.7192993164062,506.8257751464844,121.41500091552734,175.61080932617188,233.59605407714844,75.48999786376953,329.30999755859375,230.693603515625,341.0697326660156,101.08394622802734,105.78350067138672
2025-08-20,23.57392120361328,225.5800323486328,223.80999755859375,290.11688232421875,488.67999267578125,198.87171936035156,289.5201416015625,703.2318115234375,591.0108032226562,745.968017578125,502.7991943359375,121.38600158691406,175.370849609375,234.0341339111328,75.72000122070312,323.8999938964844,226.62896728515625,342.5437316894531,102.36134338378906,106.87659454345703
2025-08-21,23.40610122680664,224.47215270996094,221.9499969482422,288.55255126953125,488.5899963378906,199.30075073242188,288.7572937011719,707.5980834960938,590.2529907226562,737.3682250976562,502.15185546875,120.62100219726562,174.95091247558594,232.14244079589844,76.45999908447266,320.1099853515625,225.36990356445312,342.3047180175781,97.7607192993164,107.56593322753906
2025-08-22,,227.3267059326172,228.83999633789062,292.9366455078125,489.0,205.62648010253906,293.4828796386719,709.4522705078125,597.273193359375,753.021484375,505.1295166015625,120.46499633789062,177.96043395996094,235.3384246826172,77.87999725341797,340.010009765625,230.98110961914062,348.6291198730469,96.63301849365234,109.5846939086914
2025-08-24,23.564050674438477,,,,,,,,,,,,,,,,,,,
2025-08-25,23.485076904296875,226.72784423828125,227.94000244140625,293.16583251953125,486.17999267578125,208.02110290527344,292.1553649902344,693.1534423828125,591.5393676757812,751.5350341796875,502.17181396484375,121.80699920654297,179.78012084960938,234.38262939453125,78.1500015258789,346.6000061035156,233.5586700439453,347.4140319824219,95.87456512451172,110.03768157958984
2025-08-26,23.475204467773438,228.87376403808594,228.7100067138672,296.93212890625,492.2099914550781,206.67413330078125,295.7912292480469,733.72607421875,589.9437866210938,752.3331298828125,499.96099853515625,122.60900115966797,181.7397918701172,233.1878662109375,78.30000305175781,351.6700134277344,236.6616973876953,349.7644958496094,95.85460662841797,109.79148864746094
2025-08-27,23.43571662902832,230.05152893066406,229.1199951171875,299.1640319824219,495.7200012207031,207.01336669921875,296.4945983886719,731.8718872070312,588.9965209960938,745.62890625,504.64154052734375,122.3499984741211,181.56982421875,234.78086853027344,76.12999725341797,349.6000061035156,237.22677612304688,348.9378662109375,95.8845443725586,111.03230285644531
2025-08-28,23.396230697631836,232.11758422851562,231.60000610351562,307.53363037109375,499.8599853515625,211.16400146484375,298.2679748535156,729.6688232421875,588.8170166015625,749.3501586914062,507.529541015625,123.1449966430664,180.1400604248047,239.2711944580078,76.9000015258789,345.9800109863281,236.215576171875,348.4498291015625,95.91448211669922,111.62316131591797
2025-08-29,,231.69837951660156,229.0,296.31439208984375,502.9800109863281,212.43115234375,298.61468505859375,730.286865234375,593.6134643554688,736.96923828125,504.59173583984375,120.82499694824219,174.1510467529297,225.14312744140625,77.58999633789062,333.8699951171875,228.87937927246094,350.36212158203125,96.78271484375,112.54883575439453
2025-08-31,23.49494743347168,,,,,,,,,,,,,,,,,,,
2025-09-01,23.29751205444336,,,,,,,,,,,,,,,,,,,
2025-09-02,23.445589065551758,229.28298950195312,225.33999633789062,297.16131591796875,501.1400146484375,210.8746795654297,296.91070556640625,732.888671875,590.203125,733.3875732421875,503.0282287597656,121.41100311279297,170.75161743164062,224.31674194335938,77.27999877929688,329.3599853515625,226.4207763671875,348.65899658203125,97.65093994140625,112.9427490234375
2025-09-03,23.29751205444336,238.01634216308594,225.99000549316406,301.2962951660156,501.489990234375,230.1412353515625,296.72247314453125,735.5204467773438,591.609130859375,735.3230590820312,503.2572937011719,122.61799621582031,170.59165954589844,222.4748077392578,77.08000183105469,334.0899963378906,229.3948974609375,349.4557800292969,99.23770904541016,110.2051010131836
2025-09-04,23.34687042236328,239.32383728027344,235.67999267578125,304.9928894042969,506.9100036621094,231.7775421142578,300.99237060546875,740.58447265625,593.9624633789062,746.8959350585938,505.866455078125,125.74800109863281,171.63148498535156,222.02679443359375,76.19999694824219,338.5299987792969,233.1819610595703,349.5752868652344,100.72467803955078,110.68762969970703
2025-09-05,,239.2340087890625,232.3300018310547,333.6787414550781,499.7699890136719,234.47146606445312,291.64019775390625,724.9336547851562,582.5746459960938,750.68701171875,492.9501647949219,124.38200378417969,166.9922637939453,231.7840118408203,77.66999816894531,350.8399963378906,241.31124877929688,341.83660888671875,100.30553436279297,107.56593322753906
2025-09-07,23.16917610168457,,,,,,,,,,,,,,,,,,,
2025-09-08,22.951997756958008,237.42745971679688,235.83999633789062,344.3998107910156,493.7799987792969,233.72247314453125,290.1838684082031,736.327880859375,584.9479370117188,750.537353515625,496.13690185546875,124.47599792480469,168.2820281982422,237.43922424316406,79.4000015258789,346.3999938964844,245.0586700439453,340.9203186035156,102.07192993164062,108.17647552490234
2025-09-09,23.00135612487793,233.9041748046875,238.24000549316406,335.45233154296875,492.7200012207031,239.30490112304688,295.0779113769531,748.2604370117188,582.3552856445312,763.9059448242188,496.34600830078125,126.32499694824219,170.7316131591797,240.45599365234375,81.16000366210938,346.9700012207031,248.75650024414062,342.6034851074219,102.0819091796875,108.96429443359375
2025-09-10,22.873022079467773,226.35855102539062,230.3300018310547,368.2333068847656,490.0799865722656,238.84552001953125,297.7428894042969,752.2578125,577.748291015625,750.2180786132812,498.29791259765625,124.77100372314453,177.300537109375,326.8970947265625,80.61000061035156,347.7900085449219,258.1944274902344,336.75714111328125,100.20574188232422,110.7861099243164
2025-09-11,22.833534240722656,229.59239196777344,229.9499969482422,358.3292541503906,496.9100036621094,240.0438995361328,302.7161560058594,753.9126586914062,587.0719604492188,749.1406860351562,498.9352722167969,120.3499984741211,177.1505584716797,306.51641845703125,82.06999969482422,368.80999755859375,256.6776123046875,342.10552978515625,102.44117736816406,110.43159484863281
2025-09-12,,233.6247100830078,228.14999389648438,358.5683898925781,493.739990234375,240.4733123779297,304.0535888671875,753.0254516601562,578.7753295898438,753.8196411132812,507.7884521484375,118.84400177001953,177.80047607421875,290.90484619140625,82.30000305175781,395.94000244140625,257.093994140625,338.0618896484375,103.27946472167969,110.4512939453125
2025-09-14,22.86315155029297,,,,,,,,,,,,,,,,,,,
2025-09-15,22.922380447387695,236.24969482421875,231.42999267578125,362.77313232421875,491.5400085449219,251.26864624023438,306.0250549316406,745.8480224609375,581.3182373046875,762.9083251953125,513.225830078125,120.22599792480469,177.73048400878906,300.8214111328125,82.88999938964844,410.0400085449219,259.1263122558594,337.6833801269531,103.47906494140625,110.63838958740234
2025-09-16,23.050716400146484,237.6969451904297,234.0500030517578,358.69793701171875,490.989990234375,250.8192596435547,306.3123779296875,762.3162841796875,584.7684326171875,777.1748046875,506.9320068359375,120.0510025024414,174.86080932617188,305.31170654296875,83.83999633789062,421.6199951171875,260.62005615234375,338.65948486328125,103.20960998535156,112.93289947509766
2025-09-17,23.79110336303711,238.5353546142578,231.6199951171875,344.9179382324219,492.3299865722656,249.19146728515625,308.8485412597656,757.7506103515625,596.944091796875,773.9024658203125,507.9079284667969,122.8499984741211,170.27130126953125,300.0945739746094,85.04000091552734,425.8599853515625,261.3460693359375,344.8045959472656,104.05787658691406,113.53360748291016
2025-09-18,24.15635871887207,237.42745971679688,231.22999572753906,344.1009216308594,490.5,251.68807983398438,310.3147888183594,760.5418701171875,584.3994750976562,778.4218139648438,506.3444519042969,120.77799987792969,176.2206573486328,295.3254699707031,82.6500015258789,416.8500061035156,267.1639404296875,336.8169250488281,103.38924407958984,112.19432067871094
2025-09-19,,245.032958984375,231.47999572753906,343.6923828125,492.8500061035156,254.3744354248047,311.850341796875,749.6360473632812,582.5147705078125,776.5562744140625,515.7852172851562,122.6969985961914,176.6505889892578,307.3129577636719,82.36000061035156,426.07000732421875,263.41461181640625,340.2330627441406,102.12183380126953,111.10123443603516
2025-09-21,24.610464096069336,,,,,,,,,,,,,,,,,,,
2025-09-22,24.63020896911621,255.5928192138672,227.6300048828125,338.14300537109375,493.7099914550781,252.18740844726562,309.5321350097656,752.5867919921875,582.8438720703125,763.8824462890625,512.3196411132812,122.73699951171875,183.58984375,326.7178649902344,82.75,434.2099914550781,271.1319885253906,342.97198486328125,102.61083221435547,110.31341552734375
2025-09-23,,253.9459686279297,220.7100067138672,338.292724609375,494.1000061035156,251.31858825683594,309.8293151855469,744.6417236328125,568.36474609375,754.1387939453125,507.1212463378906,121.84700012207031,178.410400390625,312.4603576660156,81.52999877929688,425.8500061035156,281.1566162109375,337.3348388671875,102.31143951416016,112.21401977539062
2025-09-24,24.738798141479492,251.8300018310547,220.2100067138672,338.6620178222656,497.0899963378906,246.80471801757812,310.5030212402344,739.5277709960938,567.2080688476562,759.3899536132812,508.0373840332031,120.3949966430664,176.9505615234375,307.1138000488281,82.70999908447266,442.7900085449219,279.1675720214844,337.31488037109375,102.5210189819336,112.8147201538086
2025-09-25,24.738798141479492,256.3813171386719,218.14999389648438,335.4581298828125,494.9599914550781,245.45652770996094,310.5327453613281,712.3531494140625,565.7022705078125,747.6595458984375,504.9303283691406,120.8239974975586,177.67050170898438,290.05853271484375,83.30999755859375,423.3900146484375,275.13983154296875,333.58001708984375,102.84037017822266,113.82903289794922
2025-09-26,,254.97401428222656,219.77999877929688,333.8911437988281,500.0299987792969,246.2055206298828,313.1184387207031,722.27197265625,563.5383911132812,742.5081787109375,509.3419494628906,121.06099700927734,178.17044067382812,282.222900390625,83.38999938964844,440.3999938964844,271.8579406738281,336.01019287109375,102.95014190673828,115.4342041015625
2025-09-28,24.13661766052246,,,,,,,,,,,,,,,,,,,
2025-09-29,24.669694900512695,253.9459686279297,222.1699981689453,327.2738037109375,499.25,243.71890258789062,312.75189208984375,724.2359008789062,566.5399169921875,742.1588134765625,512.4689331054688,120.64099884033203,181.83004760742188,281.5260009765625,84.9800033569336,443.2099914550781,271.72869873046875,338.7889404296875,102.87030792236328,112.47991180419922
2025-09-30,24.3044376373291,254.14559936523438,219.57000732421875,329.27996826171875,502.739990234375,242.77020263671875,312.4942932128906,760.6116333007812,567.2080688476562,733.15380859375,515.8051147460938,119.89199829101562,186.55950927734375,280.0126037597656,85.1500015258789,444.7200012207031,277.7554016113281,340.0040283203125,102.850341796875,111.03230285644531
2025-10-01,24.3044376373291,254.9640350341797,220.6300048828125,332.7533264160156,498.20001220703125,244.5677490234375,307.8182067871094,822.836181640625,572.1541137695312,716.142333984375,517.5578002929688,117.08999633789062,187.21945190429688,287.7486877441406,85.7699966430664,459.4599914550781,286.88494873046875,346.4280090332031,101.75257873535156,110.28387451171875
2025-10-02,24.432771682739258,256.6408386230469,222.41000366210938,337.5341491699219,495.9200134277344,245.356689453125,304.6876220703125,817.2836303710938,575.7041015625,725.8360595703125,513.6041870117188,116.25299835205078,188.8692626953125,287.5196838378906,86.56999969482422,436.0,286.52691650390625,344.55560302734375,101.49311065673828,109.59454345703125
2025-10-03,,257.5291442871094,219.50999450683594,337.7237854003906,498.75,245.0171356201172,307.14453125,837.240966796875,578.8152465820312,709.3735961914062,515.20751953125,115.33200073242188,187.59939575195312,284.8912353515625,86.51000213623047,429.8299865722656,290.5845031738281,348.4299011230469,101.86235809326172,111.53453826904297
2025-10-05,24.472259521484375,,,,,,,,,,,,,,,,,,,
2025-10-06,24.531490325927734,256.20166015625,220.89999389648438,334.84930419921875,500.0199890136719,250.09024047851562,307.7916259765625,842.40478515625,577.179931640625,714.465087890625,526.3811645507812,116.33100128173828,185.51962280273438,290.31744384765625,87.33000183105469,453.25,300.7384033203125,347.8721923828125,102.49107360839844,112.46021270751953
2025-10-07,24.492002487182617,255.99209594726562,221.77999877929688,335.7675476074219,502.29998779296875,245.42657470703125,306.3083190917969,840.9892578125,578.20703125,711.889404296875,521.8101196289062,119.10600280761719,185.01968383789062,282.99951171875,86.12999725341797,433.0899963378906,292.4143981933594,350.9995422363281,103.02997589111328,112.51929473876953
2025-10-08,24.551233291625977,257.569091796875,225.22000122070312,344.8401794433594,499.8399963378906,244.2881317138672,302.6647644042969,843.0726318359375,574.8165893554688,716.6414794921875,522.676513671875,121.42500305175781,189.0892333984375,287.370361328125,86.83000183105469,438.69000244140625,302.84674072265625,349.94378662109375,102.690673828125,112.28295135498047
2025-10-09,24.521617889404297,253.55670166015625,227.74000549316406,344.361083984375,496.739990234375,241.2023162841797,304.15802001953125,852.6724853515625,563.7032470703125,732.2852783203125,520.2366943359375,123.10700225830078,192.54885864257812,296.17706298828125,85.36000061035156,435.5400085449219,298.2322692871094,345.6412353515625,101.5629653930664,111.18987274169922
2025-10-10,,244.80340576171875,216.3699951171875,324.0100402832031,489.1300048828125,236.24905395507812,299.53887939453125,830.8809204101562,556.6438598632812,704.1223754882812,508.84405517578125,122.00800323486328,183.139892578125,292.1876220703125,79.95999908447266,413.489990234375,279.11785888671875,342.2648620605469,101.63282012939453,109.04307556152344
2025-10-12,24.185976028442383,,,,,,,,,,,,,,,,,,,
2025-10-13,24.413026809692383,247.18885803222656,220.07000732421875,356.018798828125,491.92999267578125,243.8187713623047,306.5870666503906,816.8350830078125,558.4012451171875,714.5050048828125,511.9212646484375,121.90299987792969,188.29933166503906,307.1979675292969,81.62999725341797,435.8999938964844,301.2257385253906,341.916259765625,101.91226196289062,110.53006744384766
2025-10-14,24.432771682739258,247.29864501953125,216.38999938964844,343.4728088378906,495.9700012207031,245.11700439453125,300.7235107421875,809.80712890625,567.0681762695312,707.4668579101562,511.4432067871094,121.53500366210938,180.01022338867188,298.2117004394531,80.25,429.239990234375,294.31390380859375,346.975830078125,106.99189758300781,110.57930755615234
2025-10-15,24.64995002746582,248.86566162109375,215.57000732421875,350.6590270996094,496.3900146484375,250.68943786621094,304.3172912597656,823.982666015625,561.9658813476562,716.3519287109375,511.3038330078125,120.3290023803711,179.8102569580078,302.81951904296875,80.26000213623047,435.1499938964844,303.0357360839844,344.2966613769531,108.80819702148438,109.90966796875
2025-10-16,24.97572135925293,246.97926330566406,214.47000122070312,353.4736633300781,488.80999755859375,251.1188507080078,297.19940185546875,816.8151245117188,549.0552978515625,710.881103515625,509.4913330078125,118.35900115966797,181.7900390625,312.1748046875,79.68000030517578,428.75,298.1924743652344,334.0481262207031,106.25341033935547,108.95445251464844
